../../data/edgelists/clean-multiplex-homo_l1-1_l2-2.mplx,1-2,0.0,0.4982597244011502,0.4021345331979527
../../data/edgelists/clean-multiplex-homo_l1-1_l2-2.mplx,1-2,0.049999999999999996,0.7840209984939296,0.6597116804593006
../../data/edgelists/clean-multiplex-homo_l1-1_l2-2.mplx,1-2,0.09999999999999999,0.8231427685152479,0.7131655422757835
../../data/edgelists/clean-multiplex-homo_l1-1_l2-2.mplx,1-2,0.15,0.8653124598274492,0.7790722763653934
../../data/edgelists/clean-multiplex-homo_l1-1_l2-2.mplx,1-2,0.19999999999999998,0.8863142078917573,0.8122277284365841
../../data/edgelists/clean-multiplex-homo_l1-1_l2-2.mplx,1-2,0.24999999999999997,0.8973321395394018,0.8344179769524852
../../data/edgelists/clean-multiplex-homo_l1-1_l2-2.mplx,1-2,0.3,0.9089807544270951,0.8556139846473865
../../data/edgelists/clean-multiplex-homo_l1-1_l2-2.mplx,1-2,0.35,0.9085216250524288,0.8564099117813495
../../data/edgelists/clean-multiplex-homo_l1-1_l2-2.mplx,1-2,0.39999999999999997,0.920326354913235,0.8723537031543995
../../data/edgelists/clean-multiplex-homo_l1-1_l2-2.mplx,1-2,0.44999999999999996,0.9231196218649798,0.8798137716267177
../../data/edgelists/clean-multiplex-homo_l1-1_l2-2.mplx,1-2,0.49999999999999994,0.9285917156505059,0.8886780382648996
../../data/edgelists/clean-multiplex-homo_l1-1_l2-2.mplx,1-2,0.5499999999999999,0.9304121106925363,0.891227913766444
../../data/edgelists/clean-multiplex-homo_l1-1_l2-2.mplx,1-2,0.6,0.9349263969080186,0.9009343965490184
../../data/edgelists/clean-multiplex-homo_l1-1_l2-2.mplx,1-2,0.6499999999999999,0.9382433856377858,0.9059231353191305
../../data/edgelists/clean-multiplex-homo_l1-1_l2-2.mplx,1-2,0.7,0.9428174980841597,0.9133776266879352
../../data/edgelists/clean-multiplex-homo_l1-1_l2-2.mplx,1-2,0.7499999999999999,0.9443468068832975,0.9137441719609699
../../data/edgelists/clean-multiplex-homo_l1-1_l2-2.mplx,1-2,0.7999999999999999,0.9437014691636259,0.9131042916923953
../../data/edgelists/clean-multiplex-homo_l1-1_l2-2.mplx,1-2,0.85,0.9493158521515672,0.9203739013035972
../../data/edgelists/clean-multiplex-homo_l1-1_l2-2.mplx,1-2,0.8999999999999999,0.9563592577466637,0.9330461907785599
../../data/edgelists/clean-multiplex-homo_l1-1_l2-2.mplx,1-2,0.95,0.9615756509367743,0.9370413164561096
../../data/edgelists/clean-multiplex-homo_l1-1_l2-2.mplx,1-2,0.0,0.5054623818273676,0.3813430693860458
../../data/edgelists/clean-multiplex-homo_l1-1_l2-2.mplx,1-2,0.049999999999999996,0.7544975411835011,0.6270375880033364
../../data/edgelists/clean-multiplex-homo_l1-1_l2-2.mplx,1-2,0.09999999999999999,0.8570380281984493,0.765429755837833
../../data/edgelists/clean-multiplex-homo_l1-1_l2-2.mplx,1-2,0.15,0.8719849653399584,0.7850666909232212
../../data/edgelists/clean-multiplex-homo_l1-1_l2-2.mplx,1-2,0.19999999999999998,0.8937702430703157,0.8230269101313759
../../data/edgelists/clean-multiplex-homo_l1-1_l2-2.mplx,1-2,0.24999999999999997,0.9012124400695406,0.8410066510672207
../../data/edgelists/clean-multiplex-homo_l1-1_l2-2.mplx,1-2,0.3,0.9044871345692976,0.8477608898691892
../../data/edgelists/clean-multiplex-homo_l1-1_l2-2.mplx,1-2,0.35,0.9072841417231401,0.8535364143552766
../../data/edgelists/clean-multiplex-homo_l1-1_l2-2.mplx,1-2,0.39999999999999997,0.9203072818398852,0.8753356119978553
../../data/edgelists/clean-multiplex-homo_l1-1_l2-2.mplx,1-2,0.44999999999999996,0.9234162766979098,0.882829305537505
../../data/edgelists/clean-multiplex-homo_l1-1_l2-2.mplx,1-2,0.49999999999999994,0.9306026301564486,0.8921458040676231
../../data/edgelists/clean-multiplex-homo_l1-1_l2-2.mplx,1-2,0.5499999999999999,0.9354501195882567,0.9012194789596397
../../data/edgelists/clean-multiplex-homo_l1-1_l2-2.mplx,1-2,0.6,0.9347884230949238,0.8994769990000079
../../data/edgelists/clean-multiplex-homo_l1-1_l2-2.mplx,1-2,0.6499999999999999,0.939624389724389,0.9050835543693285
../../data/edgelists/clean-multiplex-homo_l1-1_l2-2.mplx,1-2,0.7,0.941733660961962,0.9105241101868373
../../data/edgelists/clean-multiplex-homo_l1-1_l2-2.mplx,1-2,0.7499999999999999,0.940776179484031,0.9081027284225792
../../data/edgelists/clean-multiplex-homo_l1-1_l2-2.mplx,1-2,0.7999999999999999,0.9492346888046762,0.9215707001791601
../../data/edgelists/clean-multiplex-homo_l1-1_l2-2.mplx,1-2,0.85,0.9520754173548145,0.9269584156694018
../../data/edgelists/clean-multiplex-homo_l1-1_l2-2.mplx,1-2,0.8999999999999999,0.9546200934420079,0.930055432581943
../../data/edgelists/clean-multiplex-homo_l1-1_l2-2.mplx,1-2,0.95,0.9577941409655747,0.9352488873805759
../../data/edgelists/clean-multiplex-homo_l1-1_l2-2.mplx,1-2,0.0,0.49504038317264326,0.36731442398928427
../../data/edgelists/clean-multiplex-homo_l1-1_l2-2.mplx,1-2,0.049999999999999996,0.7573470314228044,0.6309043428867425
../../data/edgelists/clean-multiplex-homo_l1-1_l2-2.mplx,1-2,0.09999999999999999,0.8469443902883322,0.749055296409477
../../data/edgelists/clean-multiplex-homo_l1-1_l2-2.mplx,1-2,0.15,0.8681797805882662,0.779859976953464
../../data/edgelists/clean-multiplex-homo_l1-1_l2-2.mplx,1-2,0.19999999999999998,0.8917450695673347,0.8195532137542176
../../data/edgelists/clean-multiplex-homo_l1-1_l2-2.mplx,1-2,0.24999999999999997,0.8874294629476565,0.8184397554381163
../../data/edgelists/clean-multiplex-homo_l1-1_l2-2.mplx,1-2,0.3,0.9128247675657573,0.8604576046647041
../../data/edgelists/clean-multiplex-homo_l1-1_l2-2.mplx,1-2,0.35,0.913146884183007,0.8623315128378113
../../data/edgelists/clean-multiplex-homo_l1-1_l2-2.mplx,1-2,0.39999999999999997,0.9111366155761139,0.8580373616506967
../../data/edgelists/clean-multiplex-homo_l1-1_l2-2.mplx,1-2,0.44999999999999996,0.923555752932428,0.8810536977482952
../../data/edgelists/clean-multiplex-homo_l1-1_l2-2.mplx,1-2,0.49999999999999994,0.9263545931233312,0.8845471315424361
../../data/edgelists/clean-multiplex-homo_l1-1_l2-2.mplx,1-2,0.5499999999999999,0.933030546235497,0.894313118205428
../../data/edgelists/clean-multiplex-homo_l1-1_l2-2.mplx,1-2,0.6,0.9385505782670542,0.9036877150499494
../../data/edgelists/clean-multiplex-homo_l1-1_l2-2.mplx,1-2,0.6499999999999999,0.9378678067287035,0.904374101356211
../../data/edgelists/clean-multiplex-homo_l1-1_l2-2.mplx,1-2,0.7,0.943991268489834,0.9128196174085295
../../data/edgelists/clean-multiplex-homo_l1-1_l2-2.mplx,1-2,0.7499999999999999,0.9432438061344559,0.9123723422770625
../../data/edgelists/clean-multiplex-homo_l1-1_l2-2.mplx,1-2,0.7999999999999999,0.9484264967981204,0.9226784301423673
../../data/edgelists/clean-multiplex-homo_l1-1_l2-2.mplx,1-2,0.85,0.9503040789908381,0.9199642138790168
../../data/edgelists/clean-multiplex-homo_l1-1_l2-2.mplx,1-2,0.8999999999999999,0.9568943956015774,0.9324874647831112
../../data/edgelists/clean-multiplex-homo_l1-1_l2-2.mplx,1-2,0.95,0.9569227079296325,0.9299242303204807
../../data/edgelists/clean-multiplex-homo_l1-1_l2-2.mplx,1-2,0.0,0.47712383154145266,0.38460927194238725
../../data/edgelists/clean-multiplex-homo_l1-1_l2-2.mplx,1-2,0.049999999999999996,0.7853590541983869,0.664736555220474
../../data/edgelists/clean-multiplex-homo_l1-1_l2-2.mplx,1-2,0.09999999999999999,0.8387743424775349,0.7399709118558621
../../data/edgelists/clean-multiplex-homo_l1-1_l2-2.mplx,1-2,0.15,0.863328736838812,0.7761104867078855
../../data/edgelists/clean-multiplex-homo_l1-1_l2-2.mplx,1-2,0.19999999999999998,0.8908511996746236,0.8243724396110769
../../data/edgelists/clean-multiplex-homo_l1-1_l2-2.mplx,1-2,0.24999999999999997,0.8914316479223346,0.8236871147515998
../../data/edgelists/clean-multiplex-homo_l1-1_l2-2.mplx,1-2,0.3,0.9068983034922089,0.8514553643215426
../../data/edgelists/clean-multiplex-homo_l1-1_l2-2.mplx,1-2,0.35,0.9173386501253256,0.8702599402421285
../../data/edgelists/clean-multiplex-homo_l1-1_l2-2.mplx,1-2,0.39999999999999997,0.9182577280246297,0.8722804786024669
../../data/edgelists/clean-multiplex-homo_l1-1_l2-2.mplx,1-2,0.44999999999999996,0.9188158871012071,0.8737382673896965
../../data/edgelists/clean-multiplex-homo_l1-1_l2-2.mplx,1-2,0.49999999999999994,0.9306544781662667,0.8944157569666427
../../data/edgelists/clean-multiplex-homo_l1-1_l2-2.mplx,1-2,0.5499999999999999,0.9332669647927002,0.8992465143072387
../../data/edgelists/clean-multiplex-homo_l1-1_l2-2.mplx,1-2,0.6,0.9367693444291164,0.9024161669070937
../../data/edgelists/clean-multiplex-homo_l1-1_l2-2.mplx,1-2,0.6499999999999999,0.9383065741460623,0.9069479867889252
../../data/edgelists/clean-multiplex-homo_l1-1_l2-2.mplx,1-2,0.7,0.9417195851534141,0.9103800388535888
../../data/edgelists/clean-multiplex-homo_l1-1_l2-2.mplx,1-2,0.7499999999999999,0.9450271410528145,0.9151607240413904
../../data/edgelists/clean-multiplex-homo_l1-1_l2-2.mplx,1-2,0.7999999999999999,0.951727779623378,0.9243832193068087
../../data/edgelists/clean-multiplex-homo_l1-1_l2-2.mplx,1-2,0.85,0.9525113309288499,0.9257872998440606
../../data/edgelists/clean-multiplex-homo_l1-1_l2-2.mplx,1-2,0.8999999999999999,0.9500266861695889,0.9240165269022911
../../data/edgelists/clean-multiplex-homo_l1-1_l2-2.mplx,1-2,0.95,0.9579144254665464,0.9291002431081985
../../data/edgelists/clean-multiplex-homo_l1-1_l2-2.mplx,1-2,0.0,0.4978587200092467,0.38842025612111514
../../data/edgelists/clean-multiplex-homo_l1-1_l2-2.mplx,1-2,0.049999999999999996,0.7484323458290897,0.61283637846938
../../data/edgelists/clean-multiplex-homo_l1-1_l2-2.mplx,1-2,0.09999999999999999,0.8029644735070157,0.6901655413458802
../../data/edgelists/clean-multiplex-homo_l1-1_l2-2.mplx,1-2,0.15,0.8600494282276312,0.7648339972586689
../../data/edgelists/clean-multiplex-homo_l1-1_l2-2.mplx,1-2,0.19999999999999998,0.8881793277617179,0.8128953969613367
../../data/edgelists/clean-multiplex-homo_l1-1_l2-2.mplx,1-2,0.24999999999999997,0.8926125076514997,0.8251747417341068
../../data/edgelists/clean-multiplex-homo_l1-1_l2-2.mplx,1-2,0.3,0.9068510135954592,0.8513579270736805
../../data/edgelists/clean-multiplex-homo_l1-1_l2-2.mplx,1-2,0.35,0.916446510188459,0.8678825571775121
../../data/edgelists/clean-multiplex-homo_l1-1_l2-2.mplx,1-2,0.39999999999999997,0.9210032852219661,0.8775838603409989
../../data/edgelists/clean-multiplex-homo_l1-1_l2-2.mplx,1-2,0.44999999999999996,0.9292728046321053,0.8924587100755652
../../data/edgelists/clean-multiplex-homo_l1-1_l2-2.mplx,1-2,0.49999999999999994,0.9305580269846143,0.8921291560106046
../../data/edgelists/clean-multiplex-homo_l1-1_l2-2.mplx,1-2,0.5499999999999999,0.9313049472855214,0.8934819809012345
../../data/edgelists/clean-multiplex-homo_l1-1_l2-2.mplx,1-2,0.6,0.9345546622198888,0.8999368129041462
../../data/edgelists/clean-multiplex-homo_l1-1_l2-2.mplx,1-2,0.6499999999999999,0.9382683840929208,0.9056146215719165
../../data/edgelists/clean-multiplex-homo_l1-1_l2-2.mplx,1-2,0.7,0.9410147497665959,0.9079168439698271
../../data/edgelists/clean-multiplex-homo_l1-1_l2-2.mplx,1-2,0.7499999999999999,0.9460250199416591,0.9157471159362434
../../data/edgelists/clean-multiplex-homo_l1-1_l2-2.mplx,1-2,0.7999999999999999,0.9494579038564229,0.9218644164877465
../../data/edgelists/clean-multiplex-homo_l1-1_l2-2.mplx,1-2,0.85,0.9543339975086755,0.9274520614283395
../../data/edgelists/clean-multiplex-homo_l1-1_l2-2.mplx,1-2,0.8999999999999999,0.9507814592494799,0.9230591259996468
../../data/edgelists/clean-multiplex-homo_l1-1_l2-2.mplx,1-2,0.95,0.9574298695936357,0.9307637103363645
../../data/edgelists/clean-multiplex-rattus_l1-1_l2-2.mplx,1-2,0.0,0.5037293489261622,0.6735880124446458
../../data/edgelists/clean-multiplex-rattus_l1-1_l2-2.mplx,1-2,0.049999999999999996,0.6975706356288682,0.805643350414954
../../data/edgelists/clean-multiplex-rattus_l1-1_l2-2.mplx,1-2,0.09999999999999999,0.677133702559733,0.7842329407919129
../../data/edgelists/clean-multiplex-rattus_l1-1_l2-2.mplx,1-2,0.15,0.6597595456640476,0.7783266623358936
../../data/edgelists/clean-multiplex-rattus_l1-1_l2-2.mplx,1-2,0.19999999999999998,0.6652301914707862,0.7801354366151537
../../data/edgelists/clean-multiplex-rattus_l1-1_l2-2.mplx,1-2,0.24999999999999997,0.6696555677945903,0.8013847207820658
../../data/edgelists/clean-multiplex-rattus_l1-1_l2-2.mplx,1-2,0.3,0.685938083490401,0.7968964073628252
../../data/edgelists/clean-multiplex-rattus_l1-1_l2-2.mplx,1-2,0.35,0.6890976622241642,0.8112991160052416
../../data/edgelists/clean-multiplex-rattus_l1-1_l2-2.mplx,1-2,0.39999999999999997,0.7146968243819266,0.8337195927590486
../../data/edgelists/clean-multiplex-rattus_l1-1_l2-2.mplx,1-2,0.44999999999999996,0.7071201795359632,0.836893684362946
../../data/edgelists/clean-multiplex-rattus_l1-1_l2-2.mplx,1-2,0.49999999999999994,0.7467704004616003,0.8579132397843561
../../data/edgelists/clean-multiplex-rattus_l1-1_l2-2.mplx,1-2,0.5499999999999999,0.7740590420409206,0.8873086861262928
../../data/edgelists/clean-multiplex-rattus_l1-1_l2-2.mplx,1-2,0.6,0.7780665867556111,0.8776661806426637
../../data/edgelists/clean-multiplex-rattus_l1-1_l2-2.mplx,1-2,0.6499999999999999,0.7754470943378073,0.8870469582270436
../../data/edgelists/clean-multiplex-rattus_l1-1_l2-2.mplx,1-2,0.7,0.782775942959442,0.8649080161400138
../../data/edgelists/clean-multiplex-rattus_l1-1_l2-2.mplx,1-2,0.7499999999999999,0.8031139842580519,0.9001328506669871
../../data/edgelists/clean-multiplex-rattus_l1-1_l2-2.mplx,1-2,0.7999999999999999,0.7977080534928319,0.8878146587692053
../../data/edgelists/clean-multiplex-rattus_l1-1_l2-2.mplx,1-2,0.85,0.8345453276571988,0.9257715908447048
../../data/edgelists/clean-multiplex-rattus_l1-1_l2-2.mplx,1-2,0.8999999999999999,0.8181606765327697,0.917980048566164
../../data/edgelists/clean-multiplex-rattus_l1-1_l2-2.mplx,1-2,0.95,0.8532516891891893,0.9359475641036625
../../data/edgelists/clean-multiplex-rattus_l1-1_l2-2.mplx,1-2,0.0,0.5081883961404507,0.6940033447366792
../../data/edgelists/clean-multiplex-rattus_l1-1_l2-2.mplx,1-2,0.049999999999999996,0.7003214130812284,0.7980865898145156
../../data/edgelists/clean-multiplex-rattus_l1-1_l2-2.mplx,1-2,0.09999999999999999,0.6770298527383548,0.7898985086700745
../../data/edgelists/clean-multiplex-rattus_l1-1_l2-2.mplx,1-2,0.15,0.6677365843124553,0.7812870014149851
../../data/edgelists/clean-multiplex-rattus_l1-1_l2-2.mplx,1-2,0.19999999999999998,0.6760755066903769,0.8040962035166195
../../data/edgelists/clean-multiplex-rattus_l1-1_l2-2.mplx,1-2,0.24999999999999997,0.6841590258864558,0.7999932606484255
../../data/edgelists/clean-multiplex-rattus_l1-1_l2-2.mplx,1-2,0.3,0.6835543096032237,0.8158818492991456
../../data/edgelists/clean-multiplex-rattus_l1-1_l2-2.mplx,1-2,0.35,0.7007894692259475,0.8208146436924235
../../data/edgelists/clean-multiplex-rattus_l1-1_l2-2.mplx,1-2,0.39999999999999997,0.7185976499322728,0.8328004826925627
../../data/edgelists/clean-multiplex-rattus_l1-1_l2-2.mplx,1-2,0.44999999999999996,0.7243663642293777,0.8507019339101323
../../data/edgelists/clean-multiplex-rattus_l1-1_l2-2.mplx,1-2,0.49999999999999994,0.7363030343716435,0.844378974077241
../../data/edgelists/clean-multiplex-rattus_l1-1_l2-2.mplx,1-2,0.5499999999999999,0.7580286393229743,0.8716381540272058
../../data/edgelists/clean-multiplex-rattus_l1-1_l2-2.mplx,1-2,0.6,0.7821063275133375,0.8728086788136171
../../data/edgelists/clean-multiplex-rattus_l1-1_l2-2.mplx,1-2,0.6499999999999999,0.7708513165878965,0.8691953367524113
../../data/edgelists/clean-multiplex-rattus_l1-1_l2-2.mplx,1-2,0.7,0.7822709239581074,0.8965038301235164
../../data/edgelists/clean-multiplex-rattus_l1-1_l2-2.mplx,1-2,0.7499999999999999,0.8031849103277675,0.8883699892161646
../../data/edgelists/clean-multiplex-rattus_l1-1_l2-2.mplx,1-2,0.7999999999999999,0.7884332618677969,0.8864072241621066
../../data/edgelists/clean-multiplex-rattus_l1-1_l2-2.mplx,1-2,0.85,0.8176965748564793,0.8933063529557503
../../data/edgelists/clean-multiplex-rattus_l1-1_l2-2.mplx,1-2,0.8999999999999999,0.8301825993555317,0.8973730439986775
../../data/edgelists/clean-multiplex-rattus_l1-1_l2-2.mplx,1-2,0.95,0.9047911547911549,0.9725077968595273
../../data/edgelists/clean-multiplex-rattus_l1-1_l2-2.mplx,1-2,0.0,0.4910966724173327,0.633630486970308
../../data/edgelists/clean-multiplex-rattus_l1-1_l2-2.mplx,1-2,0.049999999999999996,0.6983061286118439,0.8041462380323307
../../data/edgelists/clean-multiplex-rattus_l1-1_l2-2.mplx,1-2,0.09999999999999999,0.64572005589237,0.7608835742538534
../../data/edgelists/clean-multiplex-rattus_l1-1_l2-2.mplx,1-2,0.15,0.6885857116001866,0.8055870257062833
../../data/edgelists/clean-multiplex-rattus_l1-1_l2-2.mplx,1-2,0.19999999999999998,0.6771659708930866,0.8095925344649446
../../data/edgelists/clean-multiplex-rattus_l1-1_l2-2.mplx,1-2,0.24999999999999997,0.6782120241279421,0.8081778998041845
../../data/edgelists/clean-multiplex-rattus_l1-1_l2-2.mplx,1-2,0.3,0.6832209984108718,0.8049267711952172
../../data/edgelists/clean-multiplex-rattus_l1-1_l2-2.mplx,1-2,0.35,0.7055773580791976,0.8292087718241676
../../data/edgelists/clean-multiplex-rattus_l1-1_l2-2.mplx,1-2,0.39999999999999997,0.72021292860776,0.8374900900710776
../../data/edgelists/clean-multiplex-rattus_l1-1_l2-2.mplx,1-2,0.44999999999999996,0.705768504754489,0.8293810631759178
../../data/edgelists/clean-multiplex-rattus_l1-1_l2-2.mplx,1-2,0.49999999999999994,0.7248372791485014,0.8610552025279604
../../data/edgelists/clean-multiplex-rattus_l1-1_l2-2.mplx,1-2,0.5499999999999999,0.7426464916565962,0.8582445010711542
../../data/edgelists/clean-multiplex-rattus_l1-1_l2-2.mplx,1-2,0.6,0.7372296980652071,0.8625108121214823
../../data/edgelists/clean-multiplex-rattus_l1-1_l2-2.mplx,1-2,0.6499999999999999,0.7562836232926818,0.8528022222889484
../../data/edgelists/clean-multiplex-rattus_l1-1_l2-2.mplx,1-2,0.7,0.7836048150182713,0.8813032823271415
../../data/edgelists/clean-multiplex-rattus_l1-1_l2-2.mplx,1-2,0.7499999999999999,0.8003285196879644,0.8953740428449269
../../data/edgelists/clean-multiplex-rattus_l1-1_l2-2.mplx,1-2,0.7999999999999999,0.8361373165618449,0.9256232256539912
../../data/edgelists/clean-multiplex-rattus_l1-1_l2-2.mplx,1-2,0.85,0.8376586176276818,0.9231539371055381
../../data/edgelists/clean-multiplex-rattus_l1-1_l2-2.mplx,1-2,0.8999999999999999,0.8222749729813186,0.8947316352098675
../../data/edgelists/clean-multiplex-rattus_l1-1_l2-2.mplx,1-2,0.95,0.8662147205312672,0.9412322820844777
../../data/edgelists/clean-multiplex-rattus_l1-1_l2-2.mplx,1-2,0.0,0.49685556223865385,0.62363897871558
../../data/edgelists/clean-multiplex-rattus_l1-1_l2-2.mplx,1-2,0.049999999999999996,0.7271075612907703,0.8183996227250874
../../data/edgelists/clean-multiplex-rattus_l1-1_l2-2.mplx,1-2,0.09999999999999999,0.6913990522079848,0.7962317907629641
../../data/edgelists/clean-multiplex-rattus_l1-1_l2-2.mplx,1-2,0.15,0.6640846726735237,0.775965931379617
../../data/edgelists/clean-multiplex-rattus_l1-1_l2-2.mplx,1-2,0.19999999999999998,0.6675427316663851,0.7961201919192091
../../data/edgelists/clean-multiplex-rattus_l1-1_l2-2.mplx,1-2,0.24999999999999997,0.684179579040227,0.806069198497535
../../data/edgelists/clean-multiplex-rattus_l1-1_l2-2.mplx,1-2,0.3,0.6822797661590339,0.8075830611222928
../../data/edgelists/clean-multiplex-rattus_l1-1_l2-2.mplx,1-2,0.35,0.694838840513581,0.816115647684667
../../data/edgelists/clean-multiplex-rattus_l1-1_l2-2.mplx,1-2,0.39999999999999997,0.7090074846420025,0.8401069297718784
../../data/edgelists/clean-multiplex-rattus_l1-1_l2-2.mplx,1-2,0.44999999999999996,0.7212209784458373,0.8237682013488514
../../data/edgelists/clean-multiplex-rattus_l1-1_l2-2.mplx,1-2,0.49999999999999994,0.7265397765333967,0.8363391057355429
../../data/edgelists/clean-multiplex-rattus_l1-1_l2-2.mplx,1-2,0.5499999999999999,0.7450215864290077,0.8590664804477066
../../data/edgelists/clean-multiplex-rattus_l1-1_l2-2.mplx,1-2,0.6,0.7655193000987394,0.8692606412276107
../../data/edgelists/clean-multiplex-rattus_l1-1_l2-2.mplx,1-2,0.6499999999999999,0.7709299442602777,0.890407924349262
../../data/edgelists/clean-multiplex-rattus_l1-1_l2-2.mplx,1-2,0.7,0.8024068508181861,0.8890665856026944
../../data/edgelists/clean-multiplex-rattus_l1-1_l2-2.mplx,1-2,0.7499999999999999,0.7957753996423902,0.8889567500903196
../../data/edgelists/clean-multiplex-rattus_l1-1_l2-2.mplx,1-2,0.7999999999999999,0.8090101854270044,0.9148851591960254
../../data/edgelists/clean-multiplex-rattus_l1-1_l2-2.mplx,1-2,0.85,0.8119962351330539,0.9074137984048061
../../data/edgelists/clean-multiplex-rattus_l1-1_l2-2.mplx,1-2,0.8999999999999999,0.8309586466165414,0.9094947467571266
../../data/edgelists/clean-multiplex-rattus_l1-1_l2-2.mplx,1-2,0.95,0.8759930665896288,0.9567888345547211
../../data/edgelists/clean-multiplex-rattus_l1-1_l2-2.mplx,1-2,0.0,0.49806302201700714,0.6443459345982657
../../data/edgelists/clean-multiplex-rattus_l1-1_l2-2.mplx,1-2,0.049999999999999996,0.7123927130108566,0.8052661861756085
../../data/edgelists/clean-multiplex-rattus_l1-1_l2-2.mplx,1-2,0.09999999999999999,0.6803285134652399,0.7939353797139198
../../data/edgelists/clean-multiplex-rattus_l1-1_l2-2.mplx,1-2,0.15,0.6854438054806633,0.7942886248726511
../../data/edgelists/clean-multiplex-rattus_l1-1_l2-2.mplx,1-2,0.19999999999999998,0.6905136576491828,0.8034829039536466
../../data/edgelists/clean-multiplex-rattus_l1-1_l2-2.mplx,1-2,0.24999999999999997,0.6555820794692304,0.7840948405041671
../../data/edgelists/clean-multiplex-rattus_l1-1_l2-2.mplx,1-2,0.3,0.6741920996487953,0.8053549823815647
../../data/edgelists/clean-multiplex-rattus_l1-1_l2-2.mplx,1-2,0.35,0.6894403658969623,0.8138813716811937
../../data/edgelists/clean-multiplex-rattus_l1-1_l2-2.mplx,1-2,0.39999999999999997,0.6867740019148469,0.8078500670879234
../../data/edgelists/clean-multiplex-rattus_l1-1_l2-2.mplx,1-2,0.44999999999999996,0.6921811304209927,0.8277463914370008
../../data/edgelists/clean-multiplex-rattus_l1-1_l2-2.mplx,1-2,0.49999999999999994,0.7672427620498837,0.8724674128503214
../../data/edgelists/clean-multiplex-rattus_l1-1_l2-2.mplx,1-2,0.5499999999999999,0.7455198069914968,0.8502153045792459
../../data/edgelists/clean-multiplex-rattus_l1-1_l2-2.mplx,1-2,0.6,0.7569162439547868,0.8656698715828444
../../data/edgelists/clean-multiplex-rattus_l1-1_l2-2.mplx,1-2,0.6499999999999999,0.7592023989082813,0.8657306395099953
../../data/edgelists/clean-multiplex-rattus_l1-1_l2-2.mplx,1-2,0.7,0.795086607723626,0.8929477919448452
../../data/edgelists/clean-multiplex-rattus_l1-1_l2-2.mplx,1-2,0.7499999999999999,0.782632565943692,0.8939926217772192
../../data/edgelists/clean-multiplex-rattus_l1-1_l2-2.mplx,1-2,0.7999999999999999,0.8325822812522805,0.9219299183460811
../../data/edgelists/clean-multiplex-rattus_l1-1_l2-2.mplx,1-2,0.85,0.8146268462489427,0.9130996940352465
../../data/edgelists/clean-multiplex-rattus_l1-1_l2-2.mplx,1-2,0.8999999999999999,0.8457854406130267,0.9234385777213737
../../data/edgelists/clean-multiplex-rattus_l1-1_l2-2.mplx,1-2,0.95,0.8739988953327811,0.9493005370276286
../../data/edgelists/clean-multiplex-sacchpomb_l1-1_l2-2.mplx,1-2,0.0,0.5105293741021516,0.7902308422849113
../../data/edgelists/clean-multiplex-sacchpomb_l1-1_l2-2.mplx,1-2,0.049999999999999996,0.5659404412660533,0.8169013695409236
../../data/edgelists/clean-multiplex-sacchpomb_l1-1_l2-2.mplx,1-2,0.09999999999999999,0.5687821715015362,0.806431593051607
../../data/edgelists/clean-multiplex-sacchpomb_l1-1_l2-2.mplx,1-2,0.15,0.559665777112527,0.8057039678292349
../../data/edgelists/clean-multiplex-sacchpomb_l1-1_l2-2.mplx,1-2,0.19999999999999998,0.6001192402691423,0.8290770006231654
../../data/edgelists/clean-multiplex-sacchpomb_l1-1_l2-2.mplx,1-2,0.24999999999999997,0.614300357117209,0.8370324016936752
../../data/edgelists/clean-multiplex-sacchpomb_l1-1_l2-2.mplx,1-2,0.3,0.6459620898090923,0.8490358699712411
../../data/edgelists/clean-multiplex-sacchpomb_l1-1_l2-2.mplx,1-2,0.35,0.6279427757739824,0.825512144054288
../../data/edgelists/clean-multiplex-sacchpomb_l1-1_l2-2.mplx,1-2,0.39999999999999997,0.7348251849702598,0.8973247759164882
../../data/edgelists/clean-multiplex-sacchpomb_l1-1_l2-2.mplx,1-2,0.44999999999999996,0.6794071225463791,0.8830546923209227
../../data/edgelists/clean-multiplex-sacchpomb_l1-1_l2-2.mplx,1-2,0.49999999999999994,0.7281575149996202,0.8987196523974343
../../data/edgelists/clean-multiplex-sacchpomb_l1-1_l2-2.mplx,1-2,0.5499999999999999,0.7339609877100011,0.8799907964815064
../../data/edgelists/clean-multiplex-sacchpomb_l1-1_l2-2.mplx,1-2,0.6,0.7204913282390315,0.8919625603503651
../../data/edgelists/clean-multiplex-sacchpomb_l1-1_l2-2.mplx,1-2,0.6499999999999999,0.7435595548454011,0.901835015260835
../../data/edgelists/clean-multiplex-sacchpomb_l1-1_l2-2.mplx,1-2,0.7,0.7028609367455336,0.8934296360448415
../../data/edgelists/clean-multiplex-sacchpomb_l1-1_l2-2.mplx,1-2,0.7499999999999999,0.7625283018867924,0.8939789770291638
../../data/edgelists/clean-multiplex-sacchpomb_l1-1_l2-2.mplx,1-2,0.7999999999999999,0.7597235790006875,0.9054957362811311
../../data/edgelists/clean-multiplex-sacchpomb_l1-1_l2-2.mplx,1-2,0.85,0.7736646649810367,0.9274630704798935
../../data/edgelists/clean-multiplex-sacchpomb_l1-1_l2-2.mplx,1-2,0.8999999999999999,0.7339442815249266,0.9010598611279227
../../data/edgelists/clean-multiplex-sacchpomb_l1-1_l2-2.mplx,1-2,0.95,0.6824324324324325,0.8865367157548052
../../data/edgelists/clean-multiplex-sacchpomb_l1-1_l2-2.mplx,1-2,0.0,0.521183393324402,0.7906270860330521
../../data/edgelists/clean-multiplex-sacchpomb_l1-1_l2-2.mplx,1-2,0.049999999999999996,0.5910900965369322,0.8291054378561789
../../data/edgelists/clean-multiplex-sacchpomb_l1-1_l2-2.mplx,1-2,0.09999999999999999,0.5736696431513395,0.8106569649590354
../../data/edgelists/clean-multiplex-sacchpomb_l1-1_l2-2.mplx,1-2,0.15,0.6135698475937519,0.8364013531405768
../../data/edgelists/clean-multiplex-sacchpomb_l1-1_l2-2.mplx,1-2,0.19999999999999998,0.6377483443708609,0.8471234810328481
../../data/edgelists/clean-multiplex-sacchpomb_l1-1_l2-2.mplx,1-2,0.24999999999999997,0.6578579995357354,0.8573940099102255
../../data/edgelists/clean-multiplex-sacchpomb_l1-1_l2-2.mplx,1-2,0.3,0.6658245973276354,0.8706735400199781
../../data/edgelists/clean-multiplex-sacchpomb_l1-1_l2-2.mplx,1-2,0.35,0.6825797115995852,0.8663081917847992
../../data/edgelists/clean-multiplex-sacchpomb_l1-1_l2-2.mplx,1-2,0.39999999999999997,0.6691360522452666,0.8566516523906309
../../data/edgelists/clean-multiplex-sacchpomb_l1-1_l2-2.mplx,1-2,0.44999999999999996,0.7334820932558053,0.897650085724534
../../data/edgelists/clean-multiplex-sacchpomb_l1-1_l2-2.mplx,1-2,0.49999999999999994,0.6892656006152038,0.8806815999286642
../../data/edgelists/clean-multiplex-sacchpomb_l1-1_l2-2.mplx,1-2,0.5499999999999999,0.7298809049232609,0.8901911021294888
../../data/edgelists/clean-multiplex-sacchpomb_l1-1_l2-2.mplx,1-2,0.6,0.7171418869555375,0.9005543362794213
../../data/edgelists/clean-multiplex-sacchpomb_l1-1_l2-2.mplx,1-2,0.6499999999999999,0.7469967288985386,0.8994920905487486
../../data/edgelists/clean-multiplex-sacchpomb_l1-1_l2-2.mplx,1-2,0.7,0.723267211653946,0.9158656768322959
../../data/edgelists/clean-multiplex-sacchpomb_l1-1_l2-2.mplx,1-2,0.7499999999999999,0.763315989915786,0.9075160022970563
../../data/edgelists/clean-multiplex-sacchpomb_l1-1_l2-2.mplx,1-2,0.7999999999999999,0.7671973011438511,0.9379885056194164
../../data/edgelists/clean-multiplex-sacchpomb_l1-1_l2-2.mplx,1-2,0.85,0.836791350087668,0.946869990737998
../../data/edgelists/clean-multiplex-sacchpomb_l1-1_l2-2.mplx,1-2,0.8999999999999999,0.777970870572658,0.9383387801362018
../../data/edgelists/clean-multiplex-sacchpomb_l1-1_l2-2.mplx,1-2,0.95,0.730859375,0.915634818430179
../../data/edgelists/clean-multiplex-sacchpomb_l1-1_l2-2.mplx,1-2,0.0,0.4646348615363094,0.7068886721913462
../../data/edgelists/clean-multiplex-sacchpomb_l1-1_l2-2.mplx,1-2,0.049999999999999996,0.5917537804732075,0.8337843768954689
../../data/edgelists/clean-multiplex-sacchpomb_l1-1_l2-2.mplx,1-2,0.09999999999999999,0.5915311650187419,0.8251029304868368
../../data/edgelists/clean-multiplex-sacchpomb_l1-1_l2-2.mplx,1-2,0.15,0.5558161919537585,0.79712150570922
../../data/edgelists/clean-multiplex-sacchpomb_l1-1_l2-2.mplx,1-2,0.19999999999999998,0.6401133501259446,0.8472656458102455
../../data/edgelists/clean-multiplex-sacchpomb_l1-1_l2-2.mplx,1-2,0.24999999999999997,0.6424667170123874,0.8529689292455526
../../data/edgelists/clean-multiplex-sacchpomb_l1-1_l2-2.mplx,1-2,0.3,0.6281803752487445,0.8463026277986707
../../data/edgelists/clean-multiplex-sacchpomb_l1-1_l2-2.mplx,1-2,0.35,0.6758503828291703,0.8542326537426936
../../data/edgelists/clean-multiplex-sacchpomb_l1-1_l2-2.mplx,1-2,0.39999999999999997,0.7048227211263124,0.8787719021981186
../../data/edgelists/clean-multiplex-sacchpomb_l1-1_l2-2.mplx,1-2,0.44999999999999996,0.7140417686704748,0.8914528290998966
../../data/edgelists/clean-multiplex-sacchpomb_l1-1_l2-2.mplx,1-2,0.49999999999999994,0.7176270417422868,0.8920888168460366
../../data/edgelists/clean-multiplex-sacchpomb_l1-1_l2-2.mplx,1-2,0.5499999999999999,0.7487229770742868,0.9089164870654587
../../data/edgelists/clean-multiplex-sacchpomb_l1-1_l2-2.mplx,1-2,0.6,0.7447684391080618,0.8928607561760479
../../data/edgelists/clean-multiplex-sacchpomb_l1-1_l2-2.mplx,1-2,0.6499999999999999,0.7704183266932272,0.9051095921331112
../../data/edgelists/clean-multiplex-sacchpomb_l1-1_l2-2.mplx,1-2,0.7,0.7516031083321681,0.9054076041881456
../../data/edgelists/clean-multiplex-sacchpomb_l1-1_l2-2.mplx,1-2,0.7499999999999999,0.7618217054263566,0.923812445874492
../../data/edgelists/clean-multiplex-sacchpomb_l1-1_l2-2.mplx,1-2,0.7999999999999999,0.771239837398374,0.9215170966576518
../../data/edgelists/clean-multiplex-sacchpomb_l1-1_l2-2.mplx,1-2,0.85,0.8186602870813396,0.9480571916715551
../../data/edgelists/clean-multiplex-sacchpomb_l1-1_l2-2.mplx,1-2,0.8999999999999999,0.7015510948905109,0.8906947104070323
../../data/edgelists/clean-multiplex-sacchpomb_l1-1_l2-2.mplx,1-2,0.95,0.777027027027027,0.9388448419940043
../../data/edgelists/clean-multiplex-sacchpomb_l1-1_l2-2.mplx,1-2,0.0,0.49462232528610084,0.7342985914497644
../../data/edgelists/clean-multiplex-sacchpomb_l1-1_l2-2.mplx,1-2,0.049999999999999996,0.5586124970301737,0.8073510089787539
../../data/edgelists/clean-multiplex-sacchpomb_l1-1_l2-2.mplx,1-2,0.09999999999999999,0.5327449838369885,0.7963966788641346
../../data/edgelists/clean-multiplex-sacchpomb_l1-1_l2-2.mplx,1-2,0.15,0.5954372660851321,0.8243542602493924
../../data/edgelists/clean-multiplex-sacchpomb_l1-1_l2-2.mplx,1-2,0.19999999999999998,0.6171162608748354,0.8342543407991481
../../data/edgelists/clean-multiplex-sacchpomb_l1-1_l2-2.mplx,1-2,0.24999999999999997,0.6542908530318602,0.8469633285487804
../../data/edgelists/clean-multiplex-sacchpomb_l1-1_l2-2.mplx,1-2,0.3,0.6680903012546013,0.8590128944739464
../../data/edgelists/clean-multiplex-sacchpomb_l1-1_l2-2.mplx,1-2,0.35,0.6660702154503106,0.8686038618566693
../../data/edgelists/clean-multiplex-sacchpomb_l1-1_l2-2.mplx,1-2,0.39999999999999997,0.6789608220287507,0.872802568744542
../../data/edgelists/clean-multiplex-sacchpomb_l1-1_l2-2.mplx,1-2,0.44999999999999996,0.73336537822036,0.8878170722852341
../../data/edgelists/clean-multiplex-sacchpomb_l1-1_l2-2.mplx,1-2,0.49999999999999994,0.6897230691056911,0.8744366184493731
../../data/edgelists/clean-multiplex-sacchpomb_l1-1_l2-2.mplx,1-2,0.5499999999999999,0.6873660384331116,0.8755642771998859
../../data/edgelists/clean-multiplex-sacchpomb_l1-1_l2-2.mplx,1-2,0.6,0.7465581905916254,0.9120383590972218
../../data/edgelists/clean-multiplex-sacchpomb_l1-1_l2-2.mplx,1-2,0.6499999999999999,0.7255546101972649,0.8818043343043129
../../data/edgelists/clean-multiplex-sacchpomb_l1-1_l2-2.mplx,1-2,0.7,0.7329383970441951,0.8953642376418763
../../data/edgelists/clean-multiplex-sacchpomb_l1-1_l2-2.mplx,1-2,0.7499999999999999,0.7508830612791009,0.8983296742017135
../../data/edgelists/clean-multiplex-sacchpomb_l1-1_l2-2.mplx,1-2,0.7999999999999999,0.7304133899659364,0.9046779967435841
../../data/edgelists/clean-multiplex-sacchpomb_l1-1_l2-2.mplx,1-2,0.85,0.7717532467532467,0.921245480174162
../../data/edgelists/clean-multiplex-sacchpomb_l1-1_l2-2.mplx,1-2,0.8999999999999999,0.7723387723387724,0.9127473360650684
../../data/edgelists/clean-multiplex-sacchpomb_l1-1_l2-2.mplx,1-2,0.95,0.8788194444444445,0.9530913919603705
../../data/edgelists/clean-multiplex-sacchpomb_l1-1_l2-2.mplx,1-2,0.0,0.4822430023870886,0.7094674573478724
../../data/edgelists/clean-multiplex-sacchpomb_l1-1_l2-2.mplx,1-2,0.049999999999999996,0.5550960490738125,0.806388893500635
../../data/edgelists/clean-multiplex-sacchpomb_l1-1_l2-2.mplx,1-2,0.09999999999999999,0.5787436405384718,0.8210947433854309
../../data/edgelists/clean-multiplex-sacchpomb_l1-1_l2-2.mplx,1-2,0.15,0.5901697330520508,0.8323031432574393
../../data/edgelists/clean-multiplex-sacchpomb_l1-1_l2-2.mplx,1-2,0.19999999999999998,0.6260171446584039,0.8447471158138924
../../data/edgelists/clean-multiplex-sacchpomb_l1-1_l2-2.mplx,1-2,0.24999999999999997,0.611778220912086,0.8303786431544753
../../data/edgelists/clean-multiplex-sacchpomb_l1-1_l2-2.mplx,1-2,0.3,0.6749178951977814,0.8669091834739227
../../data/edgelists/clean-multiplex-sacchpomb_l1-1_l2-2.mplx,1-2,0.35,0.6449574646273195,0.8468865813831845
../../data/edgelists/clean-multiplex-sacchpomb_l1-1_l2-2.mplx,1-2,0.39999999999999997,0.7238026971099888,0.8788642238191213
../../data/edgelists/clean-multiplex-sacchpomb_l1-1_l2-2.mplx,1-2,0.44999999999999996,0.6884505689504723,0.8705364920661678
../../data/edgelists/clean-multiplex-sacchpomb_l1-1_l2-2.mplx,1-2,0.49999999999999994,0.7359726921856826,0.9015434252108856
../../data/edgelists/clean-multiplex-sacchpomb_l1-1_l2-2.mplx,1-2,0.5499999999999999,0.7175726550020085,0.8831919489267432
../../data/edgelists/clean-multiplex-sacchpomb_l1-1_l2-2.mplx,1-2,0.6,0.7089689117968005,0.8946553522802267
../../data/edgelists/clean-multiplex-sacchpomb_l1-1_l2-2.mplx,1-2,0.6499999999999999,0.7521143390631008,0.9112888686399381
../../data/edgelists/clean-multiplex-sacchpomb_l1-1_l2-2.mplx,1-2,0.7,0.7780517072106469,0.9257354805268942
../../data/edgelists/clean-multiplex-sacchpomb_l1-1_l2-2.mplx,1-2,0.7499999999999999,0.7268791078715386,0.9006759360154244
../../data/edgelists/clean-multiplex-sacchpomb_l1-1_l2-2.mplx,1-2,0.7999999999999999,0.7664270470627879,0.9052276472023478
../../data/edgelists/clean-multiplex-sacchpomb_l1-1_l2-2.mplx,1-2,0.85,0.7629755434782609,0.9101156308437689
../../data/edgelists/clean-multiplex-sacchpomb_l1-1_l2-2.mplx,1-2,0.8999999999999999,0.6913819041478616,0.8680373795493531
../../data/edgelists/clean-multiplex-sacchpomb_l1-1_l2-2.mplx,1-2,0.95,0.7887249736564805,0.9515012771375642
../../data/edgelists/clean-multiplex-euair_l1-1_l2-2.mplx,1-2,0.0,0.5543059235978445,0.29438816908203447
../../data/edgelists/clean-multiplex-euair_l1-1_l2-2.mplx,1-2,0.049999999999999996,0.6848603014140412,0.5294079173133733
../../data/edgelists/clean-multiplex-euair_l1-1_l2-2.mplx,1-2,0.09999999999999999,0.6626827626010003,0.4347557062917908
../../data/edgelists/clean-multiplex-euair_l1-1_l2-2.mplx,1-2,0.15,0.8319343780139609,0.6682434033070392
../../data/edgelists/clean-multiplex-euair_l1-1_l2-2.mplx,1-2,0.19999999999999998,0.8631891049801498,0.7099222515611876
../../data/edgelists/clean-multiplex-euair_l1-1_l2-2.mplx,1-2,0.24999999999999997,0.882643674220348,0.7859319357789355
../../data/edgelists/clean-multiplex-euair_l1-1_l2-2.mplx,1-2,0.3,0.9229486412862933,0.8208357975427869
../../data/edgelists/clean-multiplex-euair_l1-1_l2-2.mplx,1-2,0.35,0.9019038661131292,0.8378746432354862
../../data/edgelists/clean-multiplex-euair_l1-1_l2-2.mplx,1-2,0.39999999999999997,0.9405401080927321,0.8903649982714751
../../data/edgelists/clean-multiplex-euair_l1-1_l2-2.mplx,1-2,0.44999999999999996,0.9053053734174605,0.8274180693707975
../../data/edgelists/clean-multiplex-euair_l1-1_l2-2.mplx,1-2,0.49999999999999994,0.9503548458638279,0.8953852071712927
../../data/edgelists/clean-multiplex-euair_l1-1_l2-2.mplx,1-2,0.5499999999999999,0.9596691553213292,0.9236423256497776
../../data/edgelists/clean-multiplex-euair_l1-1_l2-2.mplx,1-2,0.6,0.9594120553359683,0.8957918867448824
../../data/edgelists/clean-multiplex-euair_l1-1_l2-2.mplx,1-2,0.6499999999999999,0.9563783846872083,0.9271121726197012
../../data/edgelists/clean-multiplex-euair_l1-1_l2-2.mplx,1-2,0.7,0.9659474815724816,0.9113105006409933
../../data/edgelists/clean-multiplex-euair_l1-1_l2-2.mplx,1-2,0.7499999999999999,0.9490625,0.9065302862531055
../../data/edgelists/clean-multiplex-euair_l1-1_l2-2.mplx,1-2,0.7999999999999999,0.9867241951543313,0.9732145607809097
../../data/edgelists/clean-multiplex-euair_l1-1_l2-2.mplx,1-2,0.85,0.9849420849420849,0.9759825429474489
../../data/edgelists/clean-multiplex-euair_l1-1_l2-2.mplx,1-2,0.8999999999999999,0.9810659186535764,0.9567311928252382
../../data/edgelists/clean-multiplex-euair_l1-1_l2-2.mplx,1-2,0.95,1.0,1.0
../../data/edgelists/clean-multiplex-euair_l1-1_l2-2.mplx,1-2,0.0,0.42203323678642596,0.28570561172802034
../../data/edgelists/clean-multiplex-euair_l1-1_l2-2.mplx,1-2,0.049999999999999996,0.7316920051433325,0.5133294824698076
../../data/edgelists/clean-multiplex-euair_l1-1_l2-2.mplx,1-2,0.09999999999999999,0.7422045373173193,0.5077264212611687
../../data/edgelists/clean-multiplex-euair_l1-1_l2-2.mplx,1-2,0.15,0.7273467040891903,0.5103435843563533
../../data/edgelists/clean-multiplex-euair_l1-1_l2-2.mplx,1-2,0.19999999999999998,0.866250111676941,0.7083661436271981
../../data/edgelists/clean-multiplex-euair_l1-1_l2-2.mplx,1-2,0.24999999999999997,0.8649647788109327,0.7424468522397518
../../data/edgelists/clean-multiplex-euair_l1-1_l2-2.mplx,1-2,0.3,0.9152047903580001,0.8514421104169625
../../data/edgelists/clean-multiplex-euair_l1-1_l2-2.mplx,1-2,0.35,0.924601686972821,0.8333646869722723
../../data/edgelists/clean-multiplex-euair_l1-1_l2-2.mplx,1-2,0.39999999999999997,0.9416023166023165,0.8790991115678373
../../data/edgelists/clean-multiplex-euair_l1-1_l2-2.mplx,1-2,0.44999999999999996,0.9625277161862528,0.9149841683816851
../../data/edgelists/clean-multiplex-euair_l1-1_l2-2.mplx,1-2,0.49999999999999994,0.9561789512284561,0.9186174004822498
../../data/edgelists/clean-multiplex-euair_l1-1_l2-2.mplx,1-2,0.5499999999999999,0.9355686138956101,0.8782668812792015
../../data/edgelists/clean-multiplex-euair_l1-1_l2-2.mplx,1-2,0.6,0.962329809909087,0.9178614791321454
../../data/edgelists/clean-multiplex-euair_l1-1_l2-2.mplx,1-2,0.6499999999999999,0.9634831460674158,0.9168252085835973
../../data/edgelists/clean-multiplex-euair_l1-1_l2-2.mplx,1-2,0.7,0.9717620481927711,0.943161015889114
../../data/edgelists/clean-multiplex-euair_l1-1_l2-2.mplx,1-2,0.7499999999999999,0.9656037991858888,0.922951403651245
../../data/edgelists/clean-multiplex-euair_l1-1_l2-2.mplx,1-2,0.7999999999999999,0.9521825396825396,0.9248055465225129
../../data/edgelists/clean-multiplex-euair_l1-1_l2-2.mplx,1-2,0.85,0.9913408554185253,0.9785114526503735
../../data/edgelists/clean-multiplex-euair_l1-1_l2-2.mplx,1-2,0.8999999999999999,0.9482758620689655,0.9326784214022992
../../data/edgelists/clean-multiplex-euair_l1-1_l2-2.mplx,1-2,0.95,0.9816849816849816,0.9691692922462154
../../data/edgelists/clean-multiplex-euair_l1-1_l2-2.mplx,1-2,0.0,0.5364070855843827,0.2825006109643173
../../data/edgelists/clean-multiplex-euair_l1-1_l2-2.mplx,1-2,0.049999999999999996,0.7183721934369602,0.45493622558533464
../../data/edgelists/clean-multiplex-euair_l1-1_l2-2.mplx,1-2,0.09999999999999999,0.8117743441568739,0.6063338736516033
../../data/edgelists/clean-multiplex-euair_l1-1_l2-2.mplx,1-2,0.15,0.7963008530183727,0.669148060111546
../../data/edgelists/clean-multiplex-euair_l1-1_l2-2.mplx,1-2,0.19999999999999998,0.7959187973410027,0.5773963167168054
../../data/edgelists/clean-multiplex-euair_l1-1_l2-2.mplx,1-2,0.24999999999999997,0.8613175227387874,0.7246399357472916
../../data/edgelists/clean-multiplex-euair_l1-1_l2-2.mplx,1-2,0.3,0.8574629150315884,0.7413060221883933
../../data/edgelists/clean-multiplex-euair_l1-1_l2-2.mplx,1-2,0.35,0.8738511029411764,0.7639015034889864
../../data/edgelists/clean-multiplex-euair_l1-1_l2-2.mplx,1-2,0.39999999999999997,0.9357541899441341,0.8766720887038906
../../data/edgelists/clean-multiplex-euair_l1-1_l2-2.mplx,1-2,0.44999999999999996,0.9438127234354137,0.8899943611260546
../../data/edgelists/clean-multiplex-euair_l1-1_l2-2.mplx,1-2,0.49999999999999994,0.9505419085475708,0.9000214463418128
../../data/edgelists/clean-multiplex-euair_l1-1_l2-2.mplx,1-2,0.5499999999999999,0.9494449764159308,0.9140537422591477
../../data/edgelists/clean-multiplex-euair_l1-1_l2-2.mplx,1-2,0.6,0.9446984186220087,0.8763125254124781
../../data/edgelists/clean-multiplex-euair_l1-1_l2-2.mplx,1-2,0.6499999999999999,0.956369982547993,0.9317479248646684
../../data/edgelists/clean-multiplex-euair_l1-1_l2-2.mplx,1-2,0.7,0.9712663694622458,0.9478862795943921
../../data/edgelists/clean-multiplex-euair_l1-1_l2-2.mplx,1-2,0.7499999999999999,0.9819833234067897,0.9654716315572407
../../data/edgelists/clean-multiplex-euair_l1-1_l2-2.mplx,1-2,0.7999999999999999,0.9811898512685915,0.9562323276510505
../../data/edgelists/clean-multiplex-euair_l1-1_l2-2.mplx,1-2,0.85,0.9711168164313221,0.9595457266642063
../../data/edgelists/clean-multiplex-euair_l1-1_l2-2.mplx,1-2,0.8999999999999999,0.9570850202429151,0.9288846280175911
../../data/edgelists/clean-multiplex-euair_l1-1_l2-2.mplx,1-2,0.95,0.9603658536585367,0.8961074561403508
../../data/edgelists/clean-multiplex-euair_l1-1_l2-2.mplx,1-2,0.0,0.5231301739898522,0.3297433046043116
../../data/edgelists/clean-multiplex-euair_l1-1_l2-2.mplx,1-2,0.049999999999999996,0.6578011875119709,0.4509366304959221
../../data/edgelists/clean-multiplex-euair_l1-1_l2-2.mplx,1-2,0.09999999999999999,0.7130304697709609,0.4954006259789563
../../data/edgelists/clean-multiplex-euair_l1-1_l2-2.mplx,1-2,0.15,0.8716581376440767,0.7597613717748887
../../data/edgelists/clean-multiplex-euair_l1-1_l2-2.mplx,1-2,0.19999999999999998,0.8040072278911563,0.631528691203924
../../data/edgelists/clean-multiplex-euair_l1-1_l2-2.mplx,1-2,0.24999999999999997,0.9162005965697242,0.8472598379466156
../../data/edgelists/clean-multiplex-euair_l1-1_l2-2.mplx,1-2,0.3,0.9107192596948408,0.8166419272263198
../../data/edgelists/clean-multiplex-euair_l1-1_l2-2.mplx,1-2,0.35,0.901889168765743,0.766758819391246
../../data/edgelists/clean-multiplex-euair_l1-1_l2-2.mplx,1-2,0.39999999999999997,0.9389147121155457,0.8794405595271733
../../data/edgelists/clean-multiplex-euair_l1-1_l2-2.mplx,1-2,0.44999999999999996,0.9659151476388445,0.9243064167964034
../../data/edgelists/clean-multiplex-euair_l1-1_l2-2.mplx,1-2,0.49999999999999994,0.930113668818187,0.8198117229750835
../../data/edgelists/clean-multiplex-euair_l1-1_l2-2.mplx,1-2,0.5499999999999999,0.9453274541974297,0.8564743523704158
../../data/edgelists/clean-multiplex-euair_l1-1_l2-2.mplx,1-2,0.6,0.9693832599118942,0.9477059239712976
../../data/edgelists/clean-multiplex-euair_l1-1_l2-2.mplx,1-2,0.6499999999999999,0.9517189079878665,0.9238897232735623
../../data/edgelists/clean-multiplex-euair_l1-1_l2-2.mplx,1-2,0.7,0.9560782813794863,0.9212097788107309
../../data/edgelists/clean-multiplex-euair_l1-1_l2-2.mplx,1-2,0.7499999999999999,0.9820384294068504,0.9479907668350105
../../data/edgelists/clean-multiplex-euair_l1-1_l2-2.mplx,1-2,0.7999999999999999,0.9777015437392796,0.9648039306689614
../../data/edgelists/clean-multiplex-euair_l1-1_l2-2.mplx,1-2,0.85,0.985930735930736,0.9600772439941709
../../data/edgelists/clean-multiplex-euair_l1-1_l2-2.mplx,1-2,0.8999999999999999,0.9736070381231671,0.920461950905108
../../data/edgelists/clean-multiplex-euair_l1-1_l2-2.mplx,1-2,0.95,0.9833333333333334,0.9642363465854178
../../data/edgelists/clean-multiplex-euair_l1-1_l2-2.mplx,1-2,0.0,0.5013009866956991,0.32860204397249193
../../data/edgelists/clean-multiplex-euair_l1-1_l2-2.mplx,1-2,0.049999999999999996,0.7530632083433808,0.4647516709717404
../../data/edgelists/clean-multiplex-euair_l1-1_l2-2.mplx,1-2,0.09999999999999999,0.7825310347179593,0.568145356763766
../../data/edgelists/clean-multiplex-euair_l1-1_l2-2.mplx,1-2,0.15,0.7428678096272449,0.5117231745588786
../../data/edgelists/clean-multiplex-euair_l1-1_l2-2.mplx,1-2,0.19999999999999998,0.8355322166830063,0.6615841727194003
../../data/edgelists/clean-multiplex-euair_l1-1_l2-2.mplx,1-2,0.24999999999999997,0.850608008771274,0.6938085321486572
../../data/edgelists/clean-multiplex-euair_l1-1_l2-2.mplx,1-2,0.3,0.8837935568704799,0.7692152235013577
../../data/edgelists/clean-multiplex-euair_l1-1_l2-2.mplx,1-2,0.35,0.9056011300973518,0.7697396742862617
../../data/edgelists/clean-multiplex-euair_l1-1_l2-2.mplx,1-2,0.39999999999999997,0.9160176125244619,0.8057563202993787
../../data/edgelists/clean-multiplex-euair_l1-1_l2-2.mplx,1-2,0.44999999999999996,0.9245131913140974,0.8693471205898274
../../data/edgelists/clean-multiplex-euair_l1-1_l2-2.mplx,1-2,0.49999999999999994,0.9514367816091954,0.8897977309024592
../../data/edgelists/clean-multiplex-euair_l1-1_l2-2.mplx,1-2,0.5499999999999999,0.9634276942847964,0.9270532717465098
../../data/edgelists/clean-multiplex-euair_l1-1_l2-2.mplx,1-2,0.6,0.9610251046025104,0.9352974822163429
../../data/edgelists/clean-multiplex-euair_l1-1_l2-2.mplx,1-2,0.6499999999999999,0.9535086625950392,0.880441522399518
../../data/edgelists/clean-multiplex-euair_l1-1_l2-2.mplx,1-2,0.7,0.9812145478812145,0.9681732509236821
../../data/edgelists/clean-multiplex-euair_l1-1_l2-2.mplx,1-2,0.7499999999999999,0.9590658174097665,0.9309288760652158
../../data/edgelists/clean-multiplex-euair_l1-1_l2-2.mplx,1-2,0.7999999999999999,0.9824915824915825,0.9664800075064871
../../data/edgelists/clean-multiplex-euair_l1-1_l2-2.mplx,1-2,0.85,0.9821652065081352,0.9707242320174234
../../data/edgelists/clean-multiplex-euair_l1-1_l2-2.mplx,1-2,0.8999999999999999,0.974716652136007,0.9562329950807603
../../data/edgelists/clean-multiplex-euair_l1-1_l2-2.mplx,1-2,0.95,0.9758454106280193,0.9587912087912087
