../../data/edgelists/clean-multiplex-arxiv_l1-2_l2-6.mplx,1-2,0.0,0.49287086544346276,0.6674771023990029
../../data/edgelists/clean-multiplex-arxiv_l1-2_l2-6.mplx,1-2,0.049999999999999996,0.5853530899581966,0.7521766791188219
../../data/edgelists/clean-multiplex-arxiv_l1-2_l2-6.mplx,1-2,0.09999999999999999,0.6067514072886886,0.7616138075903576
../../data/edgelists/clean-multiplex-arxiv_l1-2_l2-6.mplx,1-2,0.15,0.6555160648344885,0.7945709499743794
../../data/edgelists/clean-multiplex-arxiv_l1-2_l2-6.mplx,1-2,0.19999999999999998,0.6675474070814528,0.7996283888217013
../../data/edgelists/clean-multiplex-arxiv_l1-2_l2-6.mplx,1-2,0.24999999999999997,0.698931433576806,0.8272934785492043
../../data/edgelists/clean-multiplex-arxiv_l1-2_l2-6.mplx,1-2,0.3,0.7220926045114624,0.840477550314319
../../data/edgelists/clean-multiplex-arxiv_l1-2_l2-6.mplx,1-2,0.35,0.7344369962982549,0.8499537732076359
../../data/edgelists/clean-multiplex-arxiv_l1-2_l2-6.mplx,1-2,0.39999999999999997,0.7420331041299548,0.8503266995905472
../../data/edgelists/clean-multiplex-arxiv_l1-2_l2-6.mplx,1-2,0.44999999999999996,0.7588131919533301,0.862378320803197
../../data/edgelists/clean-multiplex-arxiv_l1-2_l2-6.mplx,1-2,0.49999999999999994,0.7648584376580053,0.870154921571926
../../data/edgelists/clean-multiplex-arxiv_l1-2_l2-6.mplx,1-2,0.5499999999999999,0.7779280983278419,0.8778927032847741
../../data/edgelists/clean-multiplex-arxiv_l1-2_l2-6.mplx,1-2,0.6,0.7903755353847022,0.8878753429424542
../../data/edgelists/clean-multiplex-arxiv_l1-2_l2-6.mplx,1-2,0.6499999999999999,0.8083679972593719,0.8988446237407286
../../data/edgelists/clean-multiplex-arxiv_l1-2_l2-6.mplx,1-2,0.7,0.8174181955372981,0.9036475108897525
../../data/edgelists/clean-multiplex-arxiv_l1-2_l2-6.mplx,1-2,0.7499999999999999,0.8243851467351854,0.9095022290341193
../../data/edgelists/clean-multiplex-arxiv_l1-2_l2-6.mplx,1-2,0.7999999999999999,0.8268479637947159,0.9117642623300299
../../data/edgelists/clean-multiplex-arxiv_l1-2_l2-6.mplx,1-2,0.85,0.8380431405583386,0.9197261333816387
../../data/edgelists/clean-multiplex-arxiv_l1-2_l2-6.mplx,1-2,0.8999999999999999,0.832780943949538,0.9187119576624728
../../data/edgelists/clean-multiplex-arxiv_l1-2_l2-6.mplx,1-2,0.95,0.8537800099414488,0.9207781310956795
../../data/edgelists/clean-multiplex-arxiv_l1-2_l2-6.mplx,1-2,0.0,0.5008331202911409,0.6794314518682258
../../data/edgelists/clean-multiplex-arxiv_l1-2_l2-6.mplx,1-2,0.049999999999999996,0.5788733545642607,0.7386571558913273
../../data/edgelists/clean-multiplex-arxiv_l1-2_l2-6.mplx,1-2,0.09999999999999999,0.6183465645873735,0.7671076554978911
../../data/edgelists/clean-multiplex-arxiv_l1-2_l2-6.mplx,1-2,0.15,0.6490313354003916,0.7885276632047579
../../data/edgelists/clean-multiplex-arxiv_l1-2_l2-6.mplx,1-2,0.19999999999999998,0.6768868174459108,0.8114393802136854
../../data/edgelists/clean-multiplex-arxiv_l1-2_l2-6.mplx,1-2,0.24999999999999997,0.7013295286376283,0.8262024083627482
../../data/edgelists/clean-multiplex-arxiv_l1-2_l2-6.mplx,1-2,0.3,0.7139162854400057,0.832595788840496
../../data/edgelists/clean-multiplex-arxiv_l1-2_l2-6.mplx,1-2,0.35,0.7295798645387341,0.8437115198927272
../../data/edgelists/clean-multiplex-arxiv_l1-2_l2-6.mplx,1-2,0.39999999999999997,0.7434746145035119,0.8540483023379223
../../data/edgelists/clean-multiplex-arxiv_l1-2_l2-6.mplx,1-2,0.44999999999999996,0.7586487071297199,0.861976489444366
../../data/edgelists/clean-multiplex-arxiv_l1-2_l2-6.mplx,1-2,0.49999999999999994,0.774819311259592,0.8781570490955071
../../data/edgelists/clean-multiplex-arxiv_l1-2_l2-6.mplx,1-2,0.5499999999999999,0.7824660781738529,0.88442961722849
../../data/edgelists/clean-multiplex-arxiv_l1-2_l2-6.mplx,1-2,0.6,0.7817894853059257,0.8801188768661252
../../data/edgelists/clean-multiplex-arxiv_l1-2_l2-6.mplx,1-2,0.6499999999999999,0.810098692026403,0.8992816643854598
../../data/edgelists/clean-multiplex-arxiv_l1-2_l2-6.mplx,1-2,0.7,0.8226586836276636,0.9095030550604506
../../data/edgelists/clean-multiplex-arxiv_l1-2_l2-6.mplx,1-2,0.7499999999999999,0.8278383463965365,0.9099421567067394
../../data/edgelists/clean-multiplex-arxiv_l1-2_l2-6.mplx,1-2,0.7999999999999999,0.8217784766282177,0.918332888311507
../../data/edgelists/clean-multiplex-arxiv_l1-2_l2-6.mplx,1-2,0.85,0.8279585772468742,0.913931092913608
../../data/edgelists/clean-multiplex-arxiv_l1-2_l2-6.mplx,1-2,0.8999999999999999,0.854968731678718,0.9330265037203935
../../data/edgelists/clean-multiplex-arxiv_l1-2_l2-6.mplx,1-2,0.95,0.8220372616029104,0.903708031805422
../../data/edgelists/clean-multiplex-arxiv_l1-2_l2-6.mplx,1-2,0.0,0.4954780735152782,0.6581895199018086
../../data/edgelists/clean-multiplex-arxiv_l1-2_l2-6.mplx,1-2,0.049999999999999996,0.5999275599000151,0.7590918282173633
../../data/edgelists/clean-multiplex-arxiv_l1-2_l2-6.mplx,1-2,0.09999999999999999,0.6234933595385851,0.7747911867129675
../../data/edgelists/clean-multiplex-arxiv_l1-2_l2-6.mplx,1-2,0.15,0.6439818193526231,0.7856906337002247
../../data/edgelists/clean-multiplex-arxiv_l1-2_l2-6.mplx,1-2,0.19999999999999998,0.6709297300540087,0.800589179799296
../../data/edgelists/clean-multiplex-arxiv_l1-2_l2-6.mplx,1-2,0.24999999999999997,0.6953767458663336,0.8282476265153697
../../data/edgelists/clean-multiplex-arxiv_l1-2_l2-6.mplx,1-2,0.3,0.7165880829366257,0.8340863575997541
../../data/edgelists/clean-multiplex-arxiv_l1-2_l2-6.mplx,1-2,0.35,0.7323165481363934,0.847221516241049
../../data/edgelists/clean-multiplex-arxiv_l1-2_l2-6.mplx,1-2,0.39999999999999997,0.7479049108367382,0.8568115870359286
../../data/edgelists/clean-multiplex-arxiv_l1-2_l2-6.mplx,1-2,0.44999999999999996,0.7706816671786703,0.8686870536661744
../../data/edgelists/clean-multiplex-arxiv_l1-2_l2-6.mplx,1-2,0.49999999999999994,0.7750469178652873,0.8769784535326812
../../data/edgelists/clean-multiplex-arxiv_l1-2_l2-6.mplx,1-2,0.5499999999999999,0.7949753085943742,0.8896420631294324
../../data/edgelists/clean-multiplex-arxiv_l1-2_l2-6.mplx,1-2,0.6,0.794680808991608,0.8894588260513826
../../data/edgelists/clean-multiplex-arxiv_l1-2_l2-6.mplx,1-2,0.6499999999999999,0.8036206190143897,0.8906326289649513
../../data/edgelists/clean-multiplex-arxiv_l1-2_l2-6.mplx,1-2,0.7,0.8036115531673609,0.8959463033382495
../../data/edgelists/clean-multiplex-arxiv_l1-2_l2-6.mplx,1-2,0.7499999999999999,0.8143816364178824,0.9003151407192531
../../data/edgelists/clean-multiplex-arxiv_l1-2_l2-6.mplx,1-2,0.7999999999999999,0.8201954466668794,0.9023275167860443
../../data/edgelists/clean-multiplex-arxiv_l1-2_l2-6.mplx,1-2,0.85,0.8367132589969878,0.9111059212819981
../../data/edgelists/clean-multiplex-arxiv_l1-2_l2-6.mplx,1-2,0.8999999999999999,0.8443980033164094,0.9237711634637915
../../data/edgelists/clean-multiplex-arxiv_l1-2_l2-6.mplx,1-2,0.95,0.8049952400005519,0.8967405176168206
../../data/edgelists/clean-multiplex-arxiv_l1-2_l2-6.mplx,1-2,0.0,0.49648849048100135,0.6675831357593414
../../data/edgelists/clean-multiplex-arxiv_l1-2_l2-6.mplx,1-2,0.049999999999999996,0.6006155239571713,0.7588124363497695
../../data/edgelists/clean-multiplex-arxiv_l1-2_l2-6.mplx,1-2,0.09999999999999999,0.624729774009031,0.7784964602259183
../../data/edgelists/clean-multiplex-arxiv_l1-2_l2-6.mplx,1-2,0.15,0.6524572702780304,0.7950430604141909
../../data/edgelists/clean-multiplex-arxiv_l1-2_l2-6.mplx,1-2,0.19999999999999998,0.6774107474552578,0.8112724908101082
../../data/edgelists/clean-multiplex-arxiv_l1-2_l2-6.mplx,1-2,0.24999999999999997,0.7073346690274284,0.8298849847110994
../../data/edgelists/clean-multiplex-arxiv_l1-2_l2-6.mplx,1-2,0.3,0.7118051877281892,0.8350032451292175
../../data/edgelists/clean-multiplex-arxiv_l1-2_l2-6.mplx,1-2,0.35,0.7273736031295952,0.843654726001575
../../data/edgelists/clean-multiplex-arxiv_l1-2_l2-6.mplx,1-2,0.39999999999999997,0.7451812049699308,0.85514981597441
../../data/edgelists/clean-multiplex-arxiv_l1-2_l2-6.mplx,1-2,0.44999999999999996,0.761421145173279,0.8650493540571694
../../data/edgelists/clean-multiplex-arxiv_l1-2_l2-6.mplx,1-2,0.49999999999999994,0.773815078389005,0.874102244350452
../../data/edgelists/clean-multiplex-arxiv_l1-2_l2-6.mplx,1-2,0.5499999999999999,0.7785847958967157,0.8813505003821879
../../data/edgelists/clean-multiplex-arxiv_l1-2_l2-6.mplx,1-2,0.6,0.8033197988361032,0.8984774680473668
../../data/edgelists/clean-multiplex-arxiv_l1-2_l2-6.mplx,1-2,0.6499999999999999,0.8085320739011636,0.9049187882384162
../../data/edgelists/clean-multiplex-arxiv_l1-2_l2-6.mplx,1-2,0.7,0.8033774266678784,0.896394678289591
../../data/edgelists/clean-multiplex-arxiv_l1-2_l2-6.mplx,1-2,0.7499999999999999,0.8256673145448655,0.9129217229325881
../../data/edgelists/clean-multiplex-arxiv_l1-2_l2-6.mplx,1-2,0.7999999999999999,0.8260614269131561,0.9050868568415962
../../data/edgelists/clean-multiplex-arxiv_l1-2_l2-6.mplx,1-2,0.85,0.8291511183352029,0.9123562719492182
../../data/edgelists/clean-multiplex-arxiv_l1-2_l2-6.mplx,1-2,0.8999999999999999,0.8627288024679817,0.9300092847830502
../../data/edgelists/clean-multiplex-arxiv_l1-2_l2-6.mplx,1-2,0.95,0.8512951710905021,0.9290280951121417
../../data/edgelists/clean-multiplex-arxiv_l1-2_l2-6.mplx,1-2,0.0,0.48716790595702425,0.6280689767640909
../../data/edgelists/clean-multiplex-arxiv_l1-2_l2-6.mplx,1-2,0.049999999999999996,0.56916273980143,0.7385180267415135
../../data/edgelists/clean-multiplex-arxiv_l1-2_l2-6.mplx,1-2,0.09999999999999999,0.6358265167666921,0.7850486628199217
../../data/edgelists/clean-multiplex-arxiv_l1-2_l2-6.mplx,1-2,0.15,0.6558033643505167,0.7979286125921662
../../data/edgelists/clean-multiplex-arxiv_l1-2_l2-6.mplx,1-2,0.19999999999999998,0.6870294690716908,0.8197454823473415
../../data/edgelists/clean-multiplex-arxiv_l1-2_l2-6.mplx,1-2,0.24999999999999997,0.6779610997880526,0.805778351735857
../../data/edgelists/clean-multiplex-arxiv_l1-2_l2-6.mplx,1-2,0.3,0.7189232494468376,0.8393089706596544
../../data/edgelists/clean-multiplex-arxiv_l1-2_l2-6.mplx,1-2,0.35,0.7327849351195946,0.8486132490656001
../../data/edgelists/clean-multiplex-arxiv_l1-2_l2-6.mplx,1-2,0.39999999999999997,0.7494773417030813,0.8586404524917015
../../data/edgelists/clean-multiplex-arxiv_l1-2_l2-6.mplx,1-2,0.44999999999999996,0.7502857142857143,0.8606826456739971
../../data/edgelists/clean-multiplex-arxiv_l1-2_l2-6.mplx,1-2,0.49999999999999994,0.7778854969153476,0.8797796468652493
../../data/edgelists/clean-multiplex-arxiv_l1-2_l2-6.mplx,1-2,0.5499999999999999,0.7808206233903079,0.8807395877646089
../../data/edgelists/clean-multiplex-arxiv_l1-2_l2-6.mplx,1-2,0.6,0.7902015109073933,0.8878870368753204
../../data/edgelists/clean-multiplex-arxiv_l1-2_l2-6.mplx,1-2,0.6499999999999999,0.810018393151032,0.9001789512231724
../../data/edgelists/clean-multiplex-arxiv_l1-2_l2-6.mplx,1-2,0.7,0.8111389878273123,0.9052929793808842
../../data/edgelists/clean-multiplex-arxiv_l1-2_l2-6.mplx,1-2,0.7499999999999999,0.8346610818782743,0.9160470790713319
../../data/edgelists/clean-multiplex-arxiv_l1-2_l2-6.mplx,1-2,0.7999999999999999,0.8263717947593273,0.9148741491289885
../../data/edgelists/clean-multiplex-arxiv_l1-2_l2-6.mplx,1-2,0.85,0.8280645292068571,0.912915293333366
../../data/edgelists/clean-multiplex-arxiv_l1-2_l2-6.mplx,1-2,0.8999999999999999,0.8488002154573255,0.9270086867522502
../../data/edgelists/clean-multiplex-arxiv_l1-2_l2-6.mplx,1-2,0.95,0.8465816127775613,0.9254504187324127
../../data/edgelists/clean-multiplex-drosophila_l1-1_l2-3.mplx,1-2,0.0,0.5188825112496768,0.952729622917912
../../data/edgelists/clean-multiplex-drosophila_l1-1_l2-3.mplx,1-2,0.049999999999999996,0.6609249869670679,0.9680026257688873
../../data/edgelists/clean-multiplex-drosophila_l1-1_l2-3.mplx,1-2,0.09999999999999999,0.7082529290937796,0.9729839563233247
../../data/edgelists/clean-multiplex-drosophila_l1-1_l2-3.mplx,1-2,0.15,0.7409966507255836,0.9760452853949932
../../data/edgelists/clean-multiplex-drosophila_l1-1_l2-3.mplx,1-2,0.19999999999999998,0.7696017576217908,0.9790718996398136
../../data/edgelists/clean-multiplex-drosophila_l1-1_l2-3.mplx,1-2,0.24999999999999997,0.8046909077019524,0.9818476148641189
../../data/edgelists/clean-multiplex-drosophila_l1-1_l2-3.mplx,1-2,0.3,0.8065712765610374,0.9836510892400632
../../data/edgelists/clean-multiplex-drosophila_l1-1_l2-3.mplx,1-2,0.35,0.8118918846028143,0.9835688001931078
../../data/edgelists/clean-multiplex-drosophila_l1-1_l2-3.mplx,1-2,0.39999999999999997,0.8547652545702042,0.987471845340252
../../data/edgelists/clean-multiplex-drosophila_l1-1_l2-3.mplx,1-2,0.44999999999999996,0.8602945127934183,0.9880334086960978
../../data/edgelists/clean-multiplex-drosophila_l1-1_l2-3.mplx,1-2,0.49999999999999994,0.8506133927207558,0.9867248927589829
../../data/edgelists/clean-multiplex-drosophila_l1-1_l2-3.mplx,1-2,0.5499999999999999,0.8643640409357524,0.9886284470727325
../../data/edgelists/clean-multiplex-drosophila_l1-1_l2-3.mplx,1-2,0.6,0.8860262899544834,0.9906599090823572
../../data/edgelists/clean-multiplex-drosophila_l1-1_l2-3.mplx,1-2,0.6499999999999999,0.8604818193461252,0.9879897962963134
../../data/edgelists/clean-multiplex-drosophila_l1-1_l2-3.mplx,1-2,0.7,0.8786575905105258,0.9890519222473086
../../data/edgelists/clean-multiplex-drosophila_l1-1_l2-3.mplx,1-2,0.7499999999999999,0.885328362882079,0.9898779850442978
../../data/edgelists/clean-multiplex-drosophila_l1-1_l2-3.mplx,1-2,0.7999999999999999,0.8919562688303554,0.9913212270352069
../../data/edgelists/clean-multiplex-drosophila_l1-1_l2-3.mplx,1-2,0.85,0.897990500938754,0.9928551895244548
../../data/edgelists/clean-multiplex-drosophila_l1-1_l2-3.mplx,1-2,0.8999999999999999,0.8920526256479604,0.9905883430794444
../../data/edgelists/clean-multiplex-drosophila_l1-1_l2-3.mplx,1-2,0.95,0.8890619551319309,0.991293136918115
../../data/edgelists/clean-multiplex-drosophila_l1-1_l2-3.mplx,1-2,0.0,0.46958887937371285,0.9456339727197778
../../data/edgelists/clean-multiplex-drosophila_l1-1_l2-3.mplx,1-2,0.049999999999999996,0.6505447046230212,0.9662151178910255
../../data/edgelists/clean-multiplex-drosophila_l1-1_l2-3.mplx,1-2,0.09999999999999999,0.7268975695840644,0.9741809830162298
../../data/edgelists/clean-multiplex-drosophila_l1-1_l2-3.mplx,1-2,0.15,0.7574307682664811,0.9784418017293942
../../data/edgelists/clean-multiplex-drosophila_l1-1_l2-3.mplx,1-2,0.19999999999999998,0.784678410917346,0.9811071250759087
../../data/edgelists/clean-multiplex-drosophila_l1-1_l2-3.mplx,1-2,0.24999999999999997,0.7972914745860015,0.9819802978167975
../../data/edgelists/clean-multiplex-drosophila_l1-1_l2-3.mplx,1-2,0.3,0.8221660774345837,0.9848295702168648
../../data/edgelists/clean-multiplex-drosophila_l1-1_l2-3.mplx,1-2,0.35,0.8322208845968484,0.9855007093360897
../../data/edgelists/clean-multiplex-drosophila_l1-1_l2-3.mplx,1-2,0.39999999999999997,0.8546210728963762,0.9884295774269942
../../data/edgelists/clean-multiplex-drosophila_l1-1_l2-3.mplx,1-2,0.44999999999999996,0.8477490083071798,0.9866767061150783
../../data/edgelists/clean-multiplex-drosophila_l1-1_l2-3.mplx,1-2,0.49999999999999994,0.8593403120402424,0.9875634931345835
../../data/edgelists/clean-multiplex-drosophila_l1-1_l2-3.mplx,1-2,0.5499999999999999,0.8671672166838809,0.9881241151282943
../../data/edgelists/clean-multiplex-drosophila_l1-1_l2-3.mplx,1-2,0.6,0.8730809640548884,0.9892744828040476
../../data/edgelists/clean-multiplex-drosophila_l1-1_l2-3.mplx,1-2,0.6499999999999999,0.8773018027973353,0.9901164786974191
../../data/edgelists/clean-multiplex-drosophila_l1-1_l2-3.mplx,1-2,0.7,0.8801929261535243,0.9890699816844015
../../data/edgelists/clean-multiplex-drosophila_l1-1_l2-3.mplx,1-2,0.7499999999999999,0.8710953797573385,0.9872051545628272
../../data/edgelists/clean-multiplex-drosophila_l1-1_l2-3.mplx,1-2,0.7999999999999999,0.8846538381091822,0.989381245027553
../../data/edgelists/clean-multiplex-drosophila_l1-1_l2-3.mplx,1-2,0.85,0.9109501066858194,0.9911137029145938
../../data/edgelists/clean-multiplex-drosophila_l1-1_l2-3.mplx,1-2,0.8999999999999999,0.9076882278558792,0.9931621279186706
../../data/edgelists/clean-multiplex-drosophila_l1-1_l2-3.mplx,1-2,0.95,0.873844857753872,0.9879691102641079
../../data/edgelists/clean-multiplex-drosophila_l1-1_l2-3.mplx,1-2,0.0,0.5501996617075395,0.9550997076902339
../../data/edgelists/clean-multiplex-drosophila_l1-1_l2-3.mplx,1-2,0.049999999999999996,0.6531890597751255,0.9660735442085815
../../data/edgelists/clean-multiplex-drosophila_l1-1_l2-3.mplx,1-2,0.09999999999999999,0.7326117318122538,0.9739173109404561
../../data/edgelists/clean-multiplex-drosophila_l1-1_l2-3.mplx,1-2,0.15,0.7300366174815627,0.9751358340531318
../../data/edgelists/clean-multiplex-drosophila_l1-1_l2-3.mplx,1-2,0.19999999999999998,0.767933475946409,0.9786199843097076
../../data/edgelists/clean-multiplex-drosophila_l1-1_l2-3.mplx,1-2,0.24999999999999997,0.8014768736429378,0.9821876933676954
../../data/edgelists/clean-multiplex-drosophila_l1-1_l2-3.mplx,1-2,0.3,0.8205150022318015,0.9843898401658575
../../data/edgelists/clean-multiplex-drosophila_l1-1_l2-3.mplx,1-2,0.35,0.8381025191121306,0.985063758510837
../../data/edgelists/clean-multiplex-drosophila_l1-1_l2-3.mplx,1-2,0.39999999999999997,0.8255906035732492,0.9841191458813094
../../data/edgelists/clean-multiplex-drosophila_l1-1_l2-3.mplx,1-2,0.44999999999999996,0.8437460739162062,0.9861715880183328
../../data/edgelists/clean-multiplex-drosophila_l1-1_l2-3.mplx,1-2,0.49999999999999994,0.8708407108280916,0.9894484236835779
../../data/edgelists/clean-multiplex-drosophila_l1-1_l2-3.mplx,1-2,0.5499999999999999,0.86626371845369,0.987791428376932
../../data/edgelists/clean-multiplex-drosophila_l1-1_l2-3.mplx,1-2,0.6,0.8789119224827823,0.9896505415151682
../../data/edgelists/clean-multiplex-drosophila_l1-1_l2-3.mplx,1-2,0.6499999999999999,0.8880878335574369,0.9910552823785809
../../data/edgelists/clean-multiplex-drosophila_l1-1_l2-3.mplx,1-2,0.7,0.8593847112156972,0.9869237768404104
../../data/edgelists/clean-multiplex-drosophila_l1-1_l2-3.mplx,1-2,0.7499999999999999,0.8807565701914717,0.9888723700703705
../../data/edgelists/clean-multiplex-drosophila_l1-1_l2-3.mplx,1-2,0.7999999999999999,0.8956886268786194,0.9904510335233082
../../data/edgelists/clean-multiplex-drosophila_l1-1_l2-3.mplx,1-2,0.85,0.8889409121320837,0.9898216829740465
../../data/edgelists/clean-multiplex-drosophila_l1-1_l2-3.mplx,1-2,0.8999999999999999,0.9013308751890354,0.9928384010857529
../../data/edgelists/clean-multiplex-drosophila_l1-1_l2-3.mplx,1-2,0.95,0.865009746588694,0.9917072449228288
../../data/edgelists/clean-multiplex-drosophila_l1-1_l2-3.mplx,1-2,0.0,0.4997757296246672,0.9501486141812964
../../data/edgelists/clean-multiplex-drosophila_l1-1_l2-3.mplx,1-2,0.049999999999999996,0.658772215469978,0.9678238373674057
../../data/edgelists/clean-multiplex-drosophila_l1-1_l2-3.mplx,1-2,0.09999999999999999,0.719955836157356,0.9742155291873347
../../data/edgelists/clean-multiplex-drosophila_l1-1_l2-3.mplx,1-2,0.15,0.7774693774251623,0.9795059187287373
../../data/edgelists/clean-multiplex-drosophila_l1-1_l2-3.mplx,1-2,0.19999999999999998,0.7443691573159437,0.9753812464790131
../../data/edgelists/clean-multiplex-drosophila_l1-1_l2-3.mplx,1-2,0.24999999999999997,0.7924089852410361,0.9820573858876048
../../data/edgelists/clean-multiplex-drosophila_l1-1_l2-3.mplx,1-2,0.3,0.8298411225172757,0.9851237160231234
../../data/edgelists/clean-multiplex-drosophila_l1-1_l2-3.mplx,1-2,0.35,0.8397916378555295,0.9864559671183799
../../data/edgelists/clean-multiplex-drosophila_l1-1_l2-3.mplx,1-2,0.39999999999999997,0.8312852986341877,0.9857687425379926
../../data/edgelists/clean-multiplex-drosophila_l1-1_l2-3.mplx,1-2,0.44999999999999996,0.862862589834558,0.9885253546246495
../../data/edgelists/clean-multiplex-drosophila_l1-1_l2-3.mplx,1-2,0.49999999999999994,0.8628686555954289,0.9886622937886771
../../data/edgelists/clean-multiplex-drosophila_l1-1_l2-3.mplx,1-2,0.5499999999999999,0.8544809139541208,0.9868976591930534
../../data/edgelists/clean-multiplex-drosophila_l1-1_l2-3.mplx,1-2,0.6,0.8560854273930282,0.9880767757495394
../../data/edgelists/clean-multiplex-drosophila_l1-1_l2-3.mplx,1-2,0.6499999999999999,0.857703013332219,0.9869732420291515
../../data/edgelists/clean-multiplex-drosophila_l1-1_l2-3.mplx,1-2,0.7,0.8747697057954296,0.9884096438565206
../../data/edgelists/clean-multiplex-drosophila_l1-1_l2-3.mplx,1-2,0.7499999999999999,0.8843017319618816,0.990272339849298
../../data/edgelists/clean-multiplex-drosophila_l1-1_l2-3.mplx,1-2,0.7999999999999999,0.891793216442912,0.9910760838997308
../../data/edgelists/clean-multiplex-drosophila_l1-1_l2-3.mplx,1-2,0.85,0.8788243922883487,0.9891461161415144
../../data/edgelists/clean-multiplex-drosophila_l1-1_l2-3.mplx,1-2,0.8999999999999999,0.9072944297082228,0.9912903462289786
../../data/edgelists/clean-multiplex-drosophila_l1-1_l2-3.mplx,1-2,0.95,0.8816912895799135,0.9871633016557899
../../data/edgelists/clean-multiplex-drosophila_l1-1_l2-3.mplx,1-2,0.0,0.48545495255592264,0.9441693213408299
../../data/edgelists/clean-multiplex-drosophila_l1-1_l2-3.mplx,1-2,0.049999999999999996,0.6140398554520665,0.9612027800731187
../../data/edgelists/clean-multiplex-drosophila_l1-1_l2-3.mplx,1-2,0.09999999999999999,0.6669534385090391,0.9673863287374408
../../data/edgelists/clean-multiplex-drosophila_l1-1_l2-3.mplx,1-2,0.15,0.711225557136846,0.9726690060625183
../../data/edgelists/clean-multiplex-drosophila_l1-1_l2-3.mplx,1-2,0.19999999999999998,0.7632650499199233,0.9787769475626679
../../data/edgelists/clean-multiplex-drosophila_l1-1_l2-3.mplx,1-2,0.24999999999999997,0.8230186538247154,0.9847193525278426
../../data/edgelists/clean-multiplex-drosophila_l1-1_l2-3.mplx,1-2,0.3,0.821454029713417,0.9843892728109647
../../data/edgelists/clean-multiplex-drosophila_l1-1_l2-3.mplx,1-2,0.35,0.8434569268186506,0.9870061702711074
../../data/edgelists/clean-multiplex-drosophila_l1-1_l2-3.mplx,1-2,0.39999999999999997,0.8209965942060906,0.9843388298974292
../../data/edgelists/clean-multiplex-drosophila_l1-1_l2-3.mplx,1-2,0.44999999999999996,0.8370619785036402,0.986203803453286
../../data/edgelists/clean-multiplex-drosophila_l1-1_l2-3.mplx,1-2,0.49999999999999994,0.8495163008353734,0.9866845643385421
../../data/edgelists/clean-multiplex-drosophila_l1-1_l2-3.mplx,1-2,0.5499999999999999,0.8510967392091848,0.9874130670643011
../../data/edgelists/clean-multiplex-drosophila_l1-1_l2-3.mplx,1-2,0.6,0.8745840927275961,0.9881236850356061
../../data/edgelists/clean-multiplex-drosophila_l1-1_l2-3.mplx,1-2,0.6499999999999999,0.8817542666671825,0.9902422184440143
../../data/edgelists/clean-multiplex-drosophila_l1-1_l2-3.mplx,1-2,0.7,0.8766370255270213,0.9887435849311879
../../data/edgelists/clean-multiplex-drosophila_l1-1_l2-3.mplx,1-2,0.7499999999999999,0.8846798357036018,0.9900938776572763
../../data/edgelists/clean-multiplex-drosophila_l1-1_l2-3.mplx,1-2,0.7999999999999999,0.8733546523622859,0.9896036052865405
../../data/edgelists/clean-multiplex-drosophila_l1-1_l2-3.mplx,1-2,0.85,0.8899456078727788,0.9917208281149252
../../data/edgelists/clean-multiplex-drosophila_l1-1_l2-3.mplx,1-2,0.8999999999999999,0.8872192755458489,0.9901175194079603
../../data/edgelists/clean-multiplex-drosophila_l1-1_l2-3.mplx,1-2,0.95,0.8837705646954201,0.9914573096920322
../../data/edgelists/clean-multiplex-arxiv_l1-2_l2-6.mplx,1-2,0.0,0.5011947588430737,0.680889820208445
../../data/edgelists/clean-multiplex-arxiv_l1-2_l2-6.mplx,1-2,0.049999999999999996,0.5832569757538868,0.7427467082318819
../../data/edgelists/clean-multiplex-arxiv_l1-2_l2-6.mplx,1-2,0.09999999999999999,0.624843612800472,0.7723432922452849
../../data/edgelists/clean-multiplex-arxiv_l1-2_l2-6.mplx,1-2,0.15,0.6552111375319991,0.8010323294306823
../../data/edgelists/clean-multiplex-arxiv_l1-2_l2-6.mplx,1-2,0.19999999999999998,0.6768166023379087,0.8152029071922406
../../data/edgelists/clean-multiplex-arxiv_l1-2_l2-6.mplx,1-2,0.24999999999999997,0.7081697127565056,0.8304387859722069
../../data/edgelists/clean-multiplex-arxiv_l1-2_l2-6.mplx,1-2,0.3,0.7093434018066529,0.8260651706039186
../../data/edgelists/clean-multiplex-arxiv_l1-2_l2-6.mplx,1-2,0.35,0.7315853525745726,0.8428859559777221
../../data/edgelists/clean-multiplex-arxiv_l1-2_l2-6.mplx,1-2,0.39999999999999997,0.74823422296659,0.8574043514598959
../../data/edgelists/clean-multiplex-arxiv_l1-2_l2-6.mplx,1-2,0.44999999999999996,0.7626544690248138,0.868890894686451
../../data/edgelists/clean-multiplex-arxiv_l1-2_l2-6.mplx,1-2,0.49999999999999994,0.7671325918079096,0.8774754572795518
../../data/edgelists/clean-multiplex-arxiv_l1-2_l2-6.mplx,1-2,0.5499999999999999,0.7767662930337594,0.8747090572871121
../../data/edgelists/clean-multiplex-arxiv_l1-2_l2-6.mplx,1-2,0.6,0.7917036148438342,0.8925527583869228
../../data/edgelists/clean-multiplex-arxiv_l1-2_l2-6.mplx,1-2,0.6499999999999999,0.7979176297681488,0.8964814023854658
../../data/edgelists/clean-multiplex-arxiv_l1-2_l2-6.mplx,1-2,0.7,0.810038062484378,0.9024897316117002
../../data/edgelists/clean-multiplex-arxiv_l1-2_l2-6.mplx,1-2,0.7499999999999999,0.812561082451787,0.9039826042257161
../../data/edgelists/clean-multiplex-arxiv_l1-2_l2-6.mplx,1-2,0.7999999999999999,0.8308823463662174,0.9076088185842835
../../data/edgelists/clean-multiplex-arxiv_l1-2_l2-6.mplx,1-2,0.85,0.8457337497166746,0.9267130633037256
../../data/edgelists/clean-multiplex-arxiv_l1-2_l2-6.mplx,1-2,0.8999999999999999,0.8468651356327603,0.9220185512361495
../../data/edgelists/clean-multiplex-arxiv_l1-2_l2-6.mplx,1-2,0.95,0.8534180487305487,0.9116171812364005
../../data/edgelists/clean-multiplex-arxiv_l1-2_l2-6.mplx,1-2,0.0,0.49660735663171873,0.6670322383940236
../../data/edgelists/clean-multiplex-arxiv_l1-2_l2-6.mplx,1-2,0.049999999999999996,0.5767381996814036,0.7457223002678507
../../data/edgelists/clean-multiplex-arxiv_l1-2_l2-6.mplx,1-2,0.09999999999999999,0.6275357800066756,0.7757459174125148
../../data/edgelists/clean-multiplex-arxiv_l1-2_l2-6.mplx,1-2,0.15,0.653257510520962,0.7935589682967891
../../data/edgelists/clean-multiplex-arxiv_l1-2_l2-6.mplx,1-2,0.19999999999999998,0.659836979346942,0.7953548513975397
../../data/edgelists/clean-multiplex-arxiv_l1-2_l2-6.mplx,1-2,0.24999999999999997,0.701692100691759,0.8270524660588212
../../data/edgelists/clean-multiplex-arxiv_l1-2_l2-6.mplx,1-2,0.3,0.727970535192872,0.8435219088433945
../../data/edgelists/clean-multiplex-arxiv_l1-2_l2-6.mplx,1-2,0.35,0.733054602549478,0.8446841924606885
../../data/edgelists/clean-multiplex-arxiv_l1-2_l2-6.mplx,1-2,0.39999999999999997,0.7571451606105072,0.8671811132397933
../../data/edgelists/clean-multiplex-arxiv_l1-2_l2-6.mplx,1-2,0.44999999999999996,0.7579431579110822,0.8628259888173182
../../data/edgelists/clean-multiplex-arxiv_l1-2_l2-6.mplx,1-2,0.49999999999999994,0.773433683419875,0.8779706145621076
../../data/edgelists/clean-multiplex-arxiv_l1-2_l2-6.mplx,1-2,0.5499999999999999,0.7784768370647331,0.8808276048543108
../../data/edgelists/clean-multiplex-arxiv_l1-2_l2-6.mplx,1-2,0.6,0.7932220870017931,0.8884508746720958
../../data/edgelists/clean-multiplex-arxiv_l1-2_l2-6.mplx,1-2,0.6499999999999999,0.8016306542768061,0.8947975066747302
../../data/edgelists/clean-multiplex-arxiv_l1-2_l2-6.mplx,1-2,0.7,0.8081333088782275,0.8923590884660911
../../data/edgelists/clean-multiplex-arxiv_l1-2_l2-6.mplx,1-2,0.7499999999999999,0.8256730825239784,0.9155663812181056
../../data/edgelists/clean-multiplex-arxiv_l1-2_l2-6.mplx,1-2,0.7999999999999999,0.8239930703058623,0.9074964147396056
../../data/edgelists/clean-multiplex-arxiv_l1-2_l2-6.mplx,1-2,0.85,0.8368142991359035,0.9189335106656557
../../data/edgelists/clean-multiplex-arxiv_l1-2_l2-6.mplx,1-2,0.8999999999999999,0.8442561488957513,0.9193250908468511
../../data/edgelists/clean-multiplex-arxiv_l1-2_l2-6.mplx,1-2,0.95,0.8264339510043134,0.9215540636696082
../../data/edgelists/clean-multiplex-arxiv_l1-2_l2-6.mplx,1-2,0.0,0.49830299931507505,0.6802818286686482
../../data/edgelists/clean-multiplex-arxiv_l1-2_l2-6.mplx,1-2,0.049999999999999996,0.5887251710900524,0.7581022575057815
../../data/edgelists/clean-multiplex-arxiv_l1-2_l2-6.mplx,1-2,0.09999999999999999,0.6221467217812913,0.7723740134751946
../../data/edgelists/clean-multiplex-arxiv_l1-2_l2-6.mplx,1-2,0.15,0.6515405454266693,0.7875209346741772
../../data/edgelists/clean-multiplex-arxiv_l1-2_l2-6.mplx,1-2,0.19999999999999998,0.6796577544248164,0.8115256251724422
../../data/edgelists/clean-multiplex-arxiv_l1-2_l2-6.mplx,1-2,0.24999999999999997,0.7082808636850628,0.8308011754725123
../../data/edgelists/clean-multiplex-arxiv_l1-2_l2-6.mplx,1-2,0.3,0.7164283708716728,0.8358413138304743
../../data/edgelists/clean-multiplex-arxiv_l1-2_l2-6.mplx,1-2,0.35,0.7309027139809161,0.8502554679985833
../../data/edgelists/clean-multiplex-arxiv_l1-2_l2-6.mplx,1-2,0.39999999999999997,0.7552392393505449,0.8642365990884012
../../data/edgelists/clean-multiplex-arxiv_l1-2_l2-6.mplx,1-2,0.44999999999999996,0.7608099255928222,0.8666291468929395
../../data/edgelists/clean-multiplex-arxiv_l1-2_l2-6.mplx,1-2,0.49999999999999994,0.7865817838359185,0.884149149179735
../../data/edgelists/clean-multiplex-arxiv_l1-2_l2-6.mplx,1-2,0.5499999999999999,0.7831655361435744,0.8818760806645113
../../data/edgelists/clean-multiplex-arxiv_l1-2_l2-6.mplx,1-2,0.6,0.796930697425168,0.8877299032899144
../../data/edgelists/clean-multiplex-arxiv_l1-2_l2-6.mplx,1-2,0.6499999999999999,0.8039858537646326,0.9013525452793295
../../data/edgelists/clean-multiplex-arxiv_l1-2_l2-6.mplx,1-2,0.7,0.8065723539964308,0.8960258297732426
../../data/edgelists/clean-multiplex-arxiv_l1-2_l2-6.mplx,1-2,0.7499999999999999,0.8394671672791181,0.9157817650019344
../../data/edgelists/clean-multiplex-arxiv_l1-2_l2-6.mplx,1-2,0.7999999999999999,0.8346542895259575,0.918018648829864
../../data/edgelists/clean-multiplex-arxiv_l1-2_l2-6.mplx,1-2,0.85,0.8293302865966814,0.9109132578587003
../../data/edgelists/clean-multiplex-arxiv_l1-2_l2-6.mplx,1-2,0.8999999999999999,0.8512090808604711,0.9312496708348361
../../data/edgelists/clean-multiplex-arxiv_l1-2_l2-6.mplx,1-2,0.95,0.8600625724808523,0.9216106511759659
../../data/edgelists/clean-multiplex-arxiv_l1-2_l2-6.mplx,1-2,0.0,0.5046593124957562,0.7092555444153165
../../data/edgelists/clean-multiplex-arxiv_l1-2_l2-6.mplx,1-2,0.049999999999999996,0.5795616276869187,0.7498016792095489
../../data/edgelists/clean-multiplex-arxiv_l1-2_l2-6.mplx,1-2,0.09999999999999999,0.6217538660224623,0.7761020407925758
../../data/edgelists/clean-multiplex-arxiv_l1-2_l2-6.mplx,1-2,0.15,0.6618345158671326,0.8020888598715974
../../data/edgelists/clean-multiplex-arxiv_l1-2_l2-6.mplx,1-2,0.19999999999999998,0.6712786446923902,0.8052214392265489
../../data/edgelists/clean-multiplex-arxiv_l1-2_l2-6.mplx,1-2,0.24999999999999997,0.6870470569220267,0.8168616767192306
../../data/edgelists/clean-multiplex-arxiv_l1-2_l2-6.mplx,1-2,0.3,0.7130493852497249,0.8344148651525984
../../data/edgelists/clean-multiplex-arxiv_l1-2_l2-6.mplx,1-2,0.35,0.7418387250034241,0.854150567160682
../../data/edgelists/clean-multiplex-arxiv_l1-2_l2-6.mplx,1-2,0.39999999999999997,0.740384041257289,0.8525554163993706
../../data/edgelists/clean-multiplex-arxiv_l1-2_l2-6.mplx,1-2,0.44999999999999996,0.759918760643659,0.8628897812553731
../../data/edgelists/clean-multiplex-arxiv_l1-2_l2-6.mplx,1-2,0.49999999999999994,0.7712927783769314,0.8792222713173086
../../data/edgelists/clean-multiplex-arxiv_l1-2_l2-6.mplx,1-2,0.5499999999999999,0.7885513359484799,0.8856215957595679
../../data/edgelists/clean-multiplex-arxiv_l1-2_l2-6.mplx,1-2,0.6,0.7936218287049567,0.8930433264005178
../../data/edgelists/clean-multiplex-arxiv_l1-2_l2-6.mplx,1-2,0.6499999999999999,0.7992884090729506,0.8881065831756996
../../data/edgelists/clean-multiplex-arxiv_l1-2_l2-6.mplx,1-2,0.7,0.8026456375952236,0.8991523581216962
../../data/edgelists/clean-multiplex-arxiv_l1-2_l2-6.mplx,1-2,0.7499999999999999,0.8179691217196303,0.9032171263872907
../../data/edgelists/clean-multiplex-arxiv_l1-2_l2-6.mplx,1-2,0.7999999999999999,0.8376331318364998,0.9168777829248869
../../data/edgelists/clean-multiplex-arxiv_l1-2_l2-6.mplx,1-2,0.85,0.8355985757361906,0.9187647960320356
../../data/edgelists/clean-multiplex-arxiv_l1-2_l2-6.mplx,1-2,0.8999999999999999,0.8233846443517616,0.9105573353347194
../../data/edgelists/clean-multiplex-arxiv_l1-2_l2-6.mplx,1-2,0.95,0.8370883392226148,0.905979961425413
../../data/edgelists/clean-multiplex-arxiv_l1-2_l2-6.mplx,1-2,0.0,0.5024704327057816,0.6821256034903671
../../data/edgelists/clean-multiplex-arxiv_l1-2_l2-6.mplx,1-2,0.049999999999999996,0.5840408537365197,0.746137915574088
../../data/edgelists/clean-multiplex-arxiv_l1-2_l2-6.mplx,1-2,0.09999999999999999,0.6259470979859257,0.7810136713393689
../../data/edgelists/clean-multiplex-arxiv_l1-2_l2-6.mplx,1-2,0.15,0.6470718594532047,0.7864401601351385
../../data/edgelists/clean-multiplex-arxiv_l1-2_l2-6.mplx,1-2,0.19999999999999998,0.6721873817247637,0.8085690401712351
../../data/edgelists/clean-multiplex-arxiv_l1-2_l2-6.mplx,1-2,0.24999999999999997,0.6959426430421075,0.8266923453354524
../../data/edgelists/clean-multiplex-arxiv_l1-2_l2-6.mplx,1-2,0.3,0.7188199054421612,0.8313413870534976
../../data/edgelists/clean-multiplex-arxiv_l1-2_l2-6.mplx,1-2,0.35,0.733710606372245,0.8448955473713745
../../data/edgelists/clean-multiplex-arxiv_l1-2_l2-6.mplx,1-2,0.39999999999999997,0.7389187332477987,0.8540841400358303
../../data/edgelists/clean-multiplex-arxiv_l1-2_l2-6.mplx,1-2,0.44999999999999996,0.7707262364068941,0.8744067219656358
../../data/edgelists/clean-multiplex-arxiv_l1-2_l2-6.mplx,1-2,0.49999999999999994,0.7779539828001529,0.8794277731792932
../../data/edgelists/clean-multiplex-arxiv_l1-2_l2-6.mplx,1-2,0.5499999999999999,0.7890438100362609,0.88453003966954
../../data/edgelists/clean-multiplex-arxiv_l1-2_l2-6.mplx,1-2,0.6,0.8049041874702562,0.8946714342411621
../../data/edgelists/clean-multiplex-arxiv_l1-2_l2-6.mplx,1-2,0.6499999999999999,0.799349123196805,0.8961425142142185
../../data/edgelists/clean-multiplex-arxiv_l1-2_l2-6.mplx,1-2,0.7,0.8082867343477476,0.8970759216161447
../../data/edgelists/clean-multiplex-arxiv_l1-2_l2-6.mplx,1-2,0.7499999999999999,0.839527182859949,0.9184756695087437
../../data/edgelists/clean-multiplex-arxiv_l1-2_l2-6.mplx,1-2,0.7999999999999999,0.8330676474324912,0.9175151520544247
../../data/edgelists/clean-multiplex-arxiv_l1-2_l2-6.mplx,1-2,0.85,0.8437557383560415,0.9246464944727295
../../data/edgelists/clean-multiplex-arxiv_l1-2_l2-6.mplx,1-2,0.8999999999999999,0.8342267407108801,0.917979587901469
../../data/edgelists/clean-multiplex-arxiv_l1-2_l2-6.mplx,1-2,0.95,0.8677437863860277,0.9400529697323422
../../data/edgelists/clean-multiplex-drosophila_l1-1_l2-3.mplx,1-2,0.0,0.4910346846395728,0.9499392656063094
../../data/edgelists/clean-multiplex-drosophila_l1-1_l2-3.mplx,1-2,0.049999999999999996,0.656979716834703,0.9666610510126565
../../data/edgelists/clean-multiplex-drosophila_l1-1_l2-3.mplx,1-2,0.09999999999999999,0.7168524034333081,0.9746540771438506
../../data/edgelists/clean-multiplex-drosophila_l1-1_l2-3.mplx,1-2,0.15,0.7615637760041306,0.9770295771051403
../../data/edgelists/clean-multiplex-drosophila_l1-1_l2-3.mplx,1-2,0.19999999999999998,0.7646154811464946,0.9794173322902533
../../data/edgelists/clean-multiplex-drosophila_l1-1_l2-3.mplx,1-2,0.24999999999999997,0.8141066012592115,0.9829636264486085
../../data/edgelists/clean-multiplex-drosophila_l1-1_l2-3.mplx,1-2,0.3,0.8214862881299996,0.9833003575728526
../../data/edgelists/clean-multiplex-drosophila_l1-1_l2-3.mplx,1-2,0.35,0.8450610648508723,0.9867875285273084
../../data/edgelists/clean-multiplex-drosophila_l1-1_l2-3.mplx,1-2,0.39999999999999997,0.8538247119044209,0.9873449117496086
../../data/edgelists/clean-multiplex-drosophila_l1-1_l2-3.mplx,1-2,0.44999999999999996,0.8446451654342397,0.985859104953839
../../data/edgelists/clean-multiplex-drosophila_l1-1_l2-3.mplx,1-2,0.49999999999999994,0.8512824797393266,0.9872121982356004
../../data/edgelists/clean-multiplex-drosophila_l1-1_l2-3.mplx,1-2,0.5499999999999999,0.879982511193308,0.9893994702583698
../../data/edgelists/clean-multiplex-drosophila_l1-1_l2-3.mplx,1-2,0.6,0.8686947214607407,0.9887712135051664
../../data/edgelists/clean-multiplex-drosophila_l1-1_l2-3.mplx,1-2,0.6499999999999999,0.8875489678785901,0.9903903875438119
../../data/edgelists/clean-multiplex-drosophila_l1-1_l2-3.mplx,1-2,0.7,0.8838299703682337,0.9900964253594309
../../data/edgelists/clean-multiplex-drosophila_l1-1_l2-3.mplx,1-2,0.7499999999999999,0.8857205280249468,0.9888526277094132
../../data/edgelists/clean-multiplex-drosophila_l1-1_l2-3.mplx,1-2,0.7999999999999999,0.8922879442513167,0.9910072681271442
../../data/edgelists/clean-multiplex-drosophila_l1-1_l2-3.mplx,1-2,0.85,0.8807529835545845,0.9893856581177698
../../data/edgelists/clean-multiplex-drosophila_l1-1_l2-3.mplx,1-2,0.8999999999999999,0.8854504576842781,0.9913308019145809
../../data/edgelists/clean-multiplex-drosophila_l1-1_l2-3.mplx,1-2,0.95,0.8692368112417822,0.9868585010475314
../../data/edgelists/clean-multiplex-drosophila_l1-1_l2-3.mplx,1-2,0.0,0.4862413573410703,0.9412001590366403
../../data/edgelists/clean-multiplex-drosophila_l1-1_l2-3.mplx,1-2,0.049999999999999996,0.6270689883983871,0.9627222135537297
../../data/edgelists/clean-multiplex-drosophila_l1-1_l2-3.mplx,1-2,0.09999999999999999,0.7046673417095698,0.972630972183033
../../data/edgelists/clean-multiplex-drosophila_l1-1_l2-3.mplx,1-2,0.15,0.6945332331566856,0.9708025488598833
../../data/edgelists/clean-multiplex-drosophila_l1-1_l2-3.mplx,1-2,0.19999999999999998,0.7844310297631278,0.9799069104275837
../../data/edgelists/clean-multiplex-drosophila_l1-1_l2-3.mplx,1-2,0.24999999999999997,0.7959514056568437,0.9815975070216648
../../data/edgelists/clean-multiplex-drosophila_l1-1_l2-3.mplx,1-2,0.3,0.8162187900825176,0.9840746738063173
../../data/edgelists/clean-multiplex-drosophila_l1-1_l2-3.mplx,1-2,0.35,0.826785513433107,0.9843500031715317
../../data/edgelists/clean-multiplex-drosophila_l1-1_l2-3.mplx,1-2,0.39999999999999997,0.8311816781874305,0.9840501923569941
../../data/edgelists/clean-multiplex-drosophila_l1-1_l2-3.mplx,1-2,0.44999999999999996,0.8423853444738992,0.9861465963189344
../../data/edgelists/clean-multiplex-drosophila_l1-1_l2-3.mplx,1-2,0.49999999999999994,0.8595811911997335,0.9876419362977369
../../data/edgelists/clean-multiplex-drosophila_l1-1_l2-3.mplx,1-2,0.5499999999999999,0.8559690631847955,0.987658468167514
../../data/edgelists/clean-multiplex-drosophila_l1-1_l2-3.mplx,1-2,0.6,0.8601781150928176,0.9883698120143478
../../data/edgelists/clean-multiplex-drosophila_l1-1_l2-3.mplx,1-2,0.6499999999999999,0.860498366013072,0.9883414922530218
../../data/edgelists/clean-multiplex-drosophila_l1-1_l2-3.mplx,1-2,0.7,0.8724837422766667,0.9888182642867633
../../data/edgelists/clean-multiplex-drosophila_l1-1_l2-3.mplx,1-2,0.7499999999999999,0.8894071095055013,0.9892395497526805
../../data/edgelists/clean-multiplex-drosophila_l1-1_l2-3.mplx,1-2,0.7999999999999999,0.8828153358206735,0.9892174598515486
../../data/edgelists/clean-multiplex-drosophila_l1-1_l2-3.mplx,1-2,0.85,0.878902557265786,0.9909471491839947
../../data/edgelists/clean-multiplex-drosophila_l1-1_l2-3.mplx,1-2,0.8999999999999999,0.8930524430132792,0.9917082112276965
../../data/edgelists/clean-multiplex-drosophila_l1-1_l2-3.mplx,1-2,0.95,0.9165055712176131,0.9940916901718038
../../data/edgelists/clean-multiplex-drosophila_l1-1_l2-3.mplx,1-2,0.0,0.5047315093769994,0.9581688814086423
../../data/edgelists/clean-multiplex-drosophila_l1-1_l2-3.mplx,1-2,0.049999999999999996,0.6782130112628065,0.9689260286517378
../../data/edgelists/clean-multiplex-drosophila_l1-1_l2-3.mplx,1-2,0.09999999999999999,0.6810410272766745,0.9691569109907519
../../data/edgelists/clean-multiplex-drosophila_l1-1_l2-3.mplx,1-2,0.15,0.7265002439787172,0.9755495316608813
../../data/edgelists/clean-multiplex-drosophila_l1-1_l2-3.mplx,1-2,0.19999999999999998,0.7888488204787936,0.9814314600632784
../../data/edgelists/clean-multiplex-drosophila_l1-1_l2-3.mplx,1-2,0.24999999999999997,0.8148838312688333,0.9843957950923012
../../data/edgelists/clean-multiplex-drosophila_l1-1_l2-3.mplx,1-2,0.3,0.8059182214546587,0.9809187442414564
../../data/edgelists/clean-multiplex-drosophila_l1-1_l2-3.mplx,1-2,0.35,0.8170978985268541,0.9829678221036149
../../data/edgelists/clean-multiplex-drosophila_l1-1_l2-3.mplx,1-2,0.39999999999999997,0.8261826301090553,0.984101597289124
../../data/edgelists/clean-multiplex-drosophila_l1-1_l2-3.mplx,1-2,0.44999999999999996,0.8396093531005699,0.9847530876304192
../../data/edgelists/clean-multiplex-drosophila_l1-1_l2-3.mplx,1-2,0.49999999999999994,0.8619256587588122,0.9880900955427989
../../data/edgelists/clean-multiplex-drosophila_l1-1_l2-3.mplx,1-2,0.5499999999999999,0.8565071041349255,0.9875002108568537
../../data/edgelists/clean-multiplex-drosophila_l1-1_l2-3.mplx,1-2,0.6,0.8693350738458817,0.9880463632044364
../../data/edgelists/clean-multiplex-drosophila_l1-1_l2-3.mplx,1-2,0.6499999999999999,0.8861543280147932,0.9900632562933089
../../data/edgelists/clean-multiplex-drosophila_l1-1_l2-3.mplx,1-2,0.7,0.8825056298284936,0.990345828463097
../../data/edgelists/clean-multiplex-drosophila_l1-1_l2-3.mplx,1-2,0.7499999999999999,0.8910000184284238,0.9911086065476438
../../data/edgelists/clean-multiplex-drosophila_l1-1_l2-3.mplx,1-2,0.7999999999999999,0.8752739118019517,0.9896467385537617
../../data/edgelists/clean-multiplex-drosophila_l1-1_l2-3.mplx,1-2,0.85,0.8913137502252658,0.9892291033183604
../../data/edgelists/clean-multiplex-drosophila_l1-1_l2-3.mplx,1-2,0.8999999999999999,0.9033839164202319,0.9910141299018399
../../data/edgelists/clean-multiplex-drosophila_l1-1_l2-3.mplx,1-2,0.95,0.8637051772889922,0.989728081024144
../../data/edgelists/clean-multiplex-drosophila_l1-1_l2-3.mplx,1-2,0.0,0.47706172263469965,0.9412354845945985
../../data/edgelists/clean-multiplex-drosophila_l1-1_l2-3.mplx,1-2,0.049999999999999996,0.6013557421175028,0.9606666357181808
../../data/edgelists/clean-multiplex-drosophila_l1-1_l2-3.mplx,1-2,0.09999999999999999,0.7038160882081487,0.972985935137253
../../data/edgelists/clean-multiplex-drosophila_l1-1_l2-3.mplx,1-2,0.15,0.7165399532829716,0.9730363401750531
../../data/edgelists/clean-multiplex-drosophila_l1-1_l2-3.mplx,1-2,0.19999999999999998,0.7728440165826147,0.9799500162796303
../../data/edgelists/clean-multiplex-drosophila_l1-1_l2-3.mplx,1-2,0.24999999999999997,0.7894560124166088,0.9808359117475223
../../data/edgelists/clean-multiplex-drosophila_l1-1_l2-3.mplx,1-2,0.3,0.8256600324436871,0.9847200940113807
../../data/edgelists/clean-multiplex-drosophila_l1-1_l2-3.mplx,1-2,0.35,0.8466446197598948,0.9872845427128847
../../data/edgelists/clean-multiplex-drosophila_l1-1_l2-3.mplx,1-2,0.39999999999999997,0.8414732569766633,0.9861114656352803
../../data/edgelists/clean-multiplex-drosophila_l1-1_l2-3.mplx,1-2,0.44999999999999996,0.8574871703543753,0.9887704096871638
../../data/edgelists/clean-multiplex-drosophila_l1-1_l2-3.mplx,1-2,0.49999999999999994,0.8553484933395427,0.9878324859089844
../../data/edgelists/clean-multiplex-drosophila_l1-1_l2-3.mplx,1-2,0.5499999999999999,0.8542156046087807,0.9871666104847272
../../data/edgelists/clean-multiplex-drosophila_l1-1_l2-3.mplx,1-2,0.6,0.881733628497557,0.9900396028767617
../../data/edgelists/clean-multiplex-drosophila_l1-1_l2-3.mplx,1-2,0.6499999999999999,0.8859788018561698,0.9907242873436208
../../data/edgelists/clean-multiplex-drosophila_l1-1_l2-3.mplx,1-2,0.7,0.8721014224690138,0.9882515811767578
../../data/edgelists/clean-multiplex-drosophila_l1-1_l2-3.mplx,1-2,0.7499999999999999,0.8698080310000983,0.9884330968387878
../../data/edgelists/clean-multiplex-drosophila_l1-1_l2-3.mplx,1-2,0.7999999999999999,0.8819079296557094,0.9892145800619498
../../data/edgelists/clean-multiplex-drosophila_l1-1_l2-3.mplx,1-2,0.85,0.8987077173677395,0.9910296032584455
../../data/edgelists/clean-multiplex-drosophila_l1-1_l2-3.mplx,1-2,0.8999999999999999,0.8932448268189571,0.9917067694040378
../../data/edgelists/clean-multiplex-drosophila_l1-1_l2-3.mplx,1-2,0.95,0.9004532672022022,0.99161821754772
../../data/edgelists/clean-multiplex-drosophila_l1-1_l2-3.mplx,1-2,0.0,0.4892109268197348,0.9298342306222895
../../data/edgelists/clean-multiplex-drosophila_l1-1_l2-3.mplx,1-2,0.049999999999999996,0.6380459802120653,0.9659256270773707
../../data/edgelists/clean-multiplex-drosophila_l1-1_l2-3.mplx,1-2,0.09999999999999999,0.7191222230448947,0.9728311742453121
../../data/edgelists/clean-multiplex-drosophila_l1-1_l2-3.mplx,1-2,0.15,0.7704016525759939,0.980250895887708
../../data/edgelists/clean-multiplex-drosophila_l1-1_l2-3.mplx,1-2,0.19999999999999998,0.7885177934124026,0.981832196010294
../../data/edgelists/clean-multiplex-drosophila_l1-1_l2-3.mplx,1-2,0.24999999999999997,0.7936992129763761,0.981344596465506
../../data/edgelists/clean-multiplex-drosophila_l1-1_l2-3.mplx,1-2,0.3,0.8093868519041613,0.9828559591228159
../../data/edgelists/clean-multiplex-drosophila_l1-1_l2-3.mplx,1-2,0.35,0.836440426733756,0.985630041068507
../../data/edgelists/clean-multiplex-drosophila_l1-1_l2-3.mplx,1-2,0.39999999999999997,0.8373529176980327,0.9858290820221554
../../data/edgelists/clean-multiplex-drosophila_l1-1_l2-3.mplx,1-2,0.44999999999999996,0.8492618321860923,0.9869491132832253
../../data/edgelists/clean-multiplex-drosophila_l1-1_l2-3.mplx,1-2,0.49999999999999994,0.8678179746169556,0.9894861748109965
../../data/edgelists/clean-multiplex-drosophila_l1-1_l2-3.mplx,1-2,0.5499999999999999,0.8483967803770537,0.9842672234666515
../../data/edgelists/clean-multiplex-drosophila_l1-1_l2-3.mplx,1-2,0.6,0.8701851155808902,0.9892112173240619
../../data/edgelists/clean-multiplex-drosophila_l1-1_l2-3.mplx,1-2,0.6499999999999999,0.8730867876108293,0.9893076348908857
../../data/edgelists/clean-multiplex-drosophila_l1-1_l2-3.mplx,1-2,0.7,0.881281012027353,0.9903804436853479
../../data/edgelists/clean-multiplex-drosophila_l1-1_l2-3.mplx,1-2,0.7499999999999999,0.8887935549609087,0.9907266212276884
../../data/edgelists/clean-multiplex-drosophila_l1-1_l2-3.mplx,1-2,0.7999999999999999,0.876378472817061,0.9890083948335884
../../data/edgelists/clean-multiplex-drosophila_l1-1_l2-3.mplx,1-2,0.85,0.880742409834484,0.9899600032846789
../../data/edgelists/clean-multiplex-drosophila_l1-1_l2-3.mplx,1-2,0.8999999999999999,0.9052112310374246,0.992684166371489
../../data/edgelists/clean-multiplex-drosophila_l1-1_l2-3.mplx,1-2,0.95,0.8851805356288858,0.9916321326808402
../../data/edgelists/clean-multiplex-london_l1-1_l2-3.mplx,1-2,0.0,0.4913537549407115,0.907289937086616
../../data/edgelists/clean-multiplex-london_l1-1_l2-3.mplx,1-2,0.049999999999999996,0.5024940440738535,0.8726902458508795
../../data/edgelists/clean-multiplex-london_l1-1_l2-3.mplx,1-2,0.09999999999999999,0.4613115595075239,0.8591819713506879
../../data/edgelists/clean-multiplex-london_l1-1_l2-3.mplx,1-2,0.15,0.5980392156862746,0.8911507173645634
../../data/edgelists/clean-multiplex-london_l1-1_l2-3.mplx,1-2,0.19999999999999998,0.6313746630727763,0.929534160009831
../../data/edgelists/clean-multiplex-london_l1-1_l2-3.mplx,1-2,0.24999999999999997,0.6774261603375529,0.9314079488537889
../../data/edgelists/clean-multiplex-london_l1-1_l2-3.mplx,1-2,0.3,0.5850757575757576,0.8748563154134729
../../data/edgelists/clean-multiplex-london_l1-1_l2-3.mplx,1-2,0.35,0.6171744224974891,0.925518659901128
../../data/edgelists/clean-multiplex-london_l1-1_l2-3.mplx,1-2,0.39999999999999997,0.6255762493085009,0.8987208784496894
../../data/edgelists/clean-multiplex-london_l1-1_l2-3.mplx,1-2,0.44999999999999996,0.5638815207780725,0.8673745136028375
../../data/edgelists/clean-multiplex-london_l1-1_l2-3.mplx,1-2,0.49999999999999994,0.6462450592885376,0.8786497411708275
../../data/edgelists/clean-multiplex-london_l1-1_l2-3.mplx,1-2,0.5499999999999999,0.5961070559610706,0.8704973701384414
../../data/edgelists/clean-multiplex-london_l1-1_l2-3.mplx,1-2,0.6,0.6716686674669868,0.8950269290517381
../../data/edgelists/clean-multiplex-london_l1-1_l2-3.mplx,1-2,0.6499999999999999,0.5690058479532164,0.845967361108436
../../data/edgelists/clean-multiplex-london_l1-1_l2-3.mplx,1-2,0.7,0.5858585858585859,0.8611580896988037
../../data/edgelists/clean-multiplex-london_l1-1_l2-3.mplx,1-2,0.7499999999999999,0.7023809523809523,0.9037782454703035
../../data/edgelists/clean-multiplex-london_l1-1_l2-3.mplx,1-2,0.7999999999999999,0.6174863387978142,0.9014141051526187
../../data/edgelists/clean-multiplex-london_l1-1_l2-3.mplx,1-2,0.85,0.548888888888889,0.8132014924656013
../../data/edgelists/clean-multiplex-london_l1-1_l2-3.mplx,1-2,0.8999999999999999,0.5104166666666667,0.9307697098151949
../../data/edgelists/clean-multiplex-london_l1-1_l2-3.mplx,1-2,0.95,0.5375,0.7383519720303777
../../data/edgelists/clean-multiplex-london_l1-1_l2-3.mplx,1-2,0.0,0.5376905702992659,0.9358636997311881
../../data/edgelists/clean-multiplex-london_l1-1_l2-3.mplx,1-2,0.049999999999999996,0.5672985027078689,0.9016122425980027
../../data/edgelists/clean-multiplex-london_l1-1_l2-3.mplx,1-2,0.09999999999999999,0.4525462962962963,0.8355891571035006
../../data/edgelists/clean-multiplex-london_l1-1_l2-3.mplx,1-2,0.15,0.469234496124031,0.8410618781092445
../../data/edgelists/clean-multiplex-london_l1-1_l2-3.mplx,1-2,0.19999999999999998,0.5145285087719298,0.8821890656434599
../../data/edgelists/clean-multiplex-london_l1-1_l2-3.mplx,1-2,0.24999999999999997,0.48639887244538405,0.8345957011544674
../../data/edgelists/clean-multiplex-london_l1-1_l2-3.mplx,1-2,0.3,0.480922865013774,0.8614758424486729
../../data/edgelists/clean-multiplex-london_l1-1_l2-3.mplx,1-2,0.35,0.6092047930283224,0.9118836723510896
../../data/edgelists/clean-multiplex-london_l1-1_l2-3.mplx,1-2,0.39999999999999997,0.6204351204351204,0.9066819237284311
../../data/edgelists/clean-multiplex-london_l1-1_l2-3.mplx,1-2,0.44999999999999996,0.6246811224489797,0.8774730168660865
../../data/edgelists/clean-multiplex-london_l1-1_l2-3.mplx,1-2,0.49999999999999994,0.6218735252477584,0.8719746936525384
../../data/edgelists/clean-multiplex-london_l1-1_l2-3.mplx,1-2,0.5499999999999999,0.5062328975372454,0.8356046364127317
../../data/edgelists/clean-multiplex-london_l1-1_l2-3.mplx,1-2,0.6,0.6242236024844721,0.8566929308587506
../../data/edgelists/clean-multiplex-london_l1-1_l2-3.mplx,1-2,0.6499999999999999,0.6076061320754718,0.8856361706992025
../../data/edgelists/clean-multiplex-london_l1-1_l2-3.mplx,1-2,0.7,0.641747572815534,0.8797668328560245
../../data/edgelists/clean-multiplex-london_l1-1_l2-3.mplx,1-2,0.7499999999999999,0.6533783783783784,0.9151257515742728
../../data/edgelists/clean-multiplex-london_l1-1_l2-3.mplx,1-2,0.7999999999999999,0.812037037037037,0.9673701946347213
../../data/edgelists/clean-multiplex-london_l1-1_l2-3.mplx,1-2,0.85,0.6486111111111111,0.8469826145503363
../../data/edgelists/clean-multiplex-london_l1-1_l2-3.mplx,1-2,0.8999999999999999,0.74,0.906151235162742
../../data/edgelists/clean-multiplex-london_l1-1_l2-3.mplx,1-2,0.95,0.8666666666666667,0.9808043345543345
